order_id,ts,side,price,size,end_ts,filled
b0000,1711756860000,buy,69924.7,0.01,1711756890000,1
a0000,1711756860000,sell,69924.8,0.01,1711756890000,1
b0001,1711756920000,buy,69874.7,0.01,1711756950000,1
a0001,1711756920000,sell,69874.8,0.01,1711756950000,1
b0002,1711756980000,buy,69837.6,0.01,1711757010000,1
a0002,1711756980000,sell,69837.7,0.01,1711757010000,1
b0003,1711757040000,buy,69853.5,0.01,1711757070000,1
a0003,1711757040000,sell,69853.6,0.01,1711757070000,1
b0004,1711757100000,buy,69867.9,0.01,1711757130000,1
a0004,1711757100000,sell,69868.0,0.01,1711757130000,1
b0005,1711757160000,buy,69897.1,0.01,1711757190000,1
a0005,1711757160000,sell,69897.2,0.01,1711757190000,1
b0006,1711757220000,buy,69924.7,0.01,1711757250000,1
a0006,1711757220000,sell,69924.8,0.01,1711757250000,1
b0007,1711757280000,buy,69900.5,0.01,1711757310000,1
a0007,1711757280000,sell,69900.6,0.01,1711757310000,1
b0008,1711757340000,buy,69939.5,0.01,1711757370000,1
a0008,1711757340000,sell,69939.6,0.01,1711757370000,1
b0009,1711757400000,buy,69875.0,0.01,1711757430000,1
a0009,1711757400000,sell,69875.1,0.01,1711757430000,1
b0010,1711757460000,buy,69880.0,0.01,1711757490000,1
a0010,1711757460000,sell,69880.1,0.01,1711757490000,1
b0011,1711757520000,buy,69861.1,0.01,1711757550000,0
a0011,1711757520000,sell,69861.2,0.01,1711757550000,1
b0012,1711757580000,buy,69899.9,0.01,1711757610000,1
a0012,1711757580000,sell,69900.0,0.01,1711757610000,1
b0013,1711757640000,buy,69891.4,0.01,1711757670000,1
a0013,1711757640000,sell,69891.5,0.01,1711757670000,1
b0014,1711757700000,buy,69880.2,0.01,1711757730000,1
a0014,1711757700000,sell,69880.3,0.01,1711757730000,0
b0015,1711757760000,buy,69830.0,0.01,1711757790000,1
a0015,1711757760000,sell,69830.1,0.01,1711757790000,1
b0016,1711757820000,buy,69845.3,0.01,1711757850000,1
a0016,1711757820000,sell,69845.4,0.01,1711757850000,1
b0017,1711757880000,buy,69846.2,0.01,1711757910000,1
a0017,1711757880000,sell,69846.3,0.01,1711757910000,1
b0018,1711757940000,buy,69847.4,0.01,1711757970000,0
a0018,1711757940000,sell,69847.5,0.01,1711757970000,1
b0019,1711758000000,buy,69839.9,0.01,1711758030000,1
a0019,1711758000000,sell,69840.0,0.01,1711758030000,1
b0020,1711758060000,buy,69819.0,0.01,1711758090000,1
a0020,1711758060000,sell,69819.1,0.01,1711758090000,1
b0021,1711758120000,buy,69817.2,0.01,1711758150000,1
a0021,1711758120000,sell,69817.3,0.01,1711758150000,1
b0022,1711758180000,buy,69772.1,0.01,1711758210000,1
a0022,1711758180000,sell,69772.2,0.01,1711758210000,1
b0023,1711758240000,buy,69809.1,0.01,1711758270000,1
a0023,1711758240000,sell,69809.2,0.01,1711758270000,1
b0024,1711758300000,buy,69816.0,0.01,1711758330000,1
a0024,1711758300000,sell,69816.1,0.01,1711758330000,1
b0025,1711758360000,buy,69816.7,0.01,1711758390000,1
a0025,1711758360000,sell,69816.8,0.01,1711758390000,1
b0026,1711758420000,buy,69819.9,0.01,1711758450000,1
a0026,1711758420000,sell,69820.0,0.01,1711758450000,1
b0027,1711758480000,buy,69854.9,0.01,1711758510000,1
a0027,1711758480000,sell,69855.0,0.01,1711758510000,1
b0028,1711758540000,buy,69869.9,0.01,1711758570000,1
a0028,1711758540000,sell,69870.0,0.01,1711758570000,1
b0029,1711758600000,buy,69831.1,0.01,1711758630000,1
a0029,1711758600000,sell,69831.2,0.01,1711758630000,1
b0030,1711758660000,buy,69784.1,0.01,1711758690000,1
a0030,1711758660000,sell,69784.2,0.01,1711758690000,1
b0031,1711758720000,buy,69819.9,0.01,1711758750000,1
a0031,1711758720000,sell,69820.0,0.01,1711758750000,1
b0032,1711758780000,buy,69824.7,0.01,1711758810000,0
a0032,1711758780000,sell,69824.8,0.01,1711758810000,1
b0033,1711758840000,buy,69829.1,0.01,1711758870000,1
a0033,1711758840000,sell,69829.2,0.01,1711758870000,1
b0034,1711758900000,buy,69836.1,0.01,1711758930000,1
a0034,1711758900000,sell,69836.2,0.01,1711758930000,1
b0035,1711758960000,buy,69886.9,0.01,1711758990000,1
a0035,1711758960000,sell,69887.0,0.01,1711758990000,1
b0036,1711759020000,buy,69828.8,0.01,1711759050000,1
a0036,1711759020000,sell,69828.9,0.01,1711759050000,1
b0037,1711759080000,buy,69840.9,0.01,1711759110000,1
a0037,1711759080000,sell,69841.0,0.01,1711759110000,1
b0038,1711759140000,buy,69835.6,0.01,1711759170000,1
a0038,1711759140000,sell,69835.7,0.01,1711759170000,1
b0039,1711759200000,buy,69822.0,0.01,1711759230000,1
a0039,1711759200000,sell,69822.1,0.01,1711759230000,1
b0040,1711759260000,buy,69819.0,0.01,1711759290000,1
a0040,1711759260000,sell,69819.1,0.01,1711759290000,1
b0041,1711759320000,buy,69877.7,0.01,1711759350000,1
a0041,1711759320000,sell,69877.8,0.01,1711759350000,1
b0042,1711759380000,buy,69871.4,0.01,1711759410000,1
a0042,1711759380000,sell,69871.5,0.01,1711759410000,1
b0043,1711759440000,buy,69919.4,0.01,1711759470000,1
a0043,1711759440000,sell,69919.5,0.01,1711759470000,1
b0044,1711759500000,buy,69924.2,0.01,1711759530000,1
a0044,1711759500000,sell,69924.3,0.01,1711759530000,1
b0045,1711759560000,buy,69915.7,0.01,1711759590000,1
a0045,1711759560000,sell,69915.8,0.01,1711759590000,1
b0046,1711759620000,buy,69921.3,0.01,1711759650000,1
a0046,1711759620000,sell,69921.4,0.01,1711759650000,1
b0047,1711759680000,buy,69915.0,0.01,1711759710000,1
a0047,1711759680000,sell,69915.1,0.01,1711759710000,1
b0048,1711759740000,buy,69910.8,0.01,1711759770000,1
a0048,1711759740000,sell,69910.9,0.01,1711759770000,1
b0049,1711759800000,buy,69904.3,0.01,1711759830000,1
a0049,1711759800000,sell,69904.4,0.01,1711759830000,1
b0050,1711759860000,buy,69909.3,0.01,1711759890000,1
a0050,1711759860000,sell,69909.4,0.01,1711759890000,1
b0051,1711759920000,buy,69935.5,0.01,1711759950000,1
a0051,1711759920000,sell,69935.6,0.01,1711759950000,1
b0052,1711759980000,buy,69946.7,0.01,1711760010000,1
a0052,1711759980000,sell,69946.8,0.01,1711760010000,1
b0053,1711760040000,buy,69957.4,0.01,1711760070000,1
a0053,1711760040000,sell,69957.5,0.01,1711760070000,1
b0054,1711760100000,buy,69951.0,0.01,1711760130000,1
a0054,1711760100000,sell,69951.1,0.01,1711760130000,1
b0055,1711760160000,buy,69949.4,0.01,1711760190000,1
a0055,1711760160000,sell,69949.5,0.01,1711760190000,1
b0056,1711760220000,buy,69956.5,0.01,1711760250000,1
a0056,1711760220000,sell,69956.6,0.01,1711760250000,1
b0057,1711760280000,buy,69970.6,0.01,1711760310000,1
a0057,1711760280000,sell,69970.7,0.01,1711760310000,1
b0058,1711760340000,buy,69975.7,0.01,1711760370000,1
a0058,1711760340000,sell,69975.8,0.01,1711760370000,1
b0059,1711760400000,buy,69985.0,0.01,1711760430000,1
a0059,1711760400000,sell,69985.1,0.01,1711760430000,1
b0060,1711760460000,buy,69968.0,0.01,1711760490000,1
a0060,1711760460000,sell,69968.1,0.01,1711760490000,1
b0061,1711760520000,buy,69990.5,0.01,1711760550000,1
a0061,1711760520000,sell,69990.6,0.01,1711760550000,1
b0062,1711760580000,buy,69993.8,0.01,1711760610000,1
a0062,1711760580000,sell,69993.9,0.01,1711760610000,1
b0063,1711760640000,buy,69945.7,0.01,1711760670000,1
a0063,1711760640000,sell,69945.8,0.01,1711760670000,1
b0064,1711760700000,buy,69920.3,0.01,1711760730000,1
a0064,1711760700000,sell,69920.4,0.01,1711760730000,0
b0065,1711760760000,buy,69916.9,0.01,1711760790000,1
a0065,1711760760000,sell,69917.0,0.01,1711760790000,0
b0066,1711760820000,buy,69931.7,0.01,1711760850000,1
a0066,1711760820000,sell,69931.8,0.01,1711760850000,1
b0067,1711760880000,buy,69896.3,0.01,1711760910000,0
a0067,1711760880000,sell,69896.4,0.01,1711760910000,1
b0068,1711760940000,buy,69901.7,0.01,1711760970000,1
a0068,1711760940000,sell,69901.8,0.01,1711760970000,1
b0069,1711761000000,buy,69919.9,0.01,1711761030000,0
a0069,1711761000000,sell,69920.0,0.01,1711761030000,1
b0070,1711761060000,buy,69944.2,0.01,1711761090000,1
a0070,1711761060000,sell,69944.3,0.01,1711761090000,1
b0071,1711761120000,buy,69972.9,0.01,1711761150000,1
a0071,1711761120000,sell,69973.0,0.01,1711761150000,1
b0072,1711761180000,buy,69996.0,0.01,1711761210000,1
a0072,1711761180000,sell,69996.1,0.01,1711761210000,1
b0073,1711761240000,buy,70024.4,0.01,1711761270000,1
a0073,1711761240000,sell,70024.5,0.01,1711761270000,1
b0074,1711761300000,buy,70021.9,0.01,1711761330000,1
a0074,1711761300000,sell,70022.0,0.01,1711761330000,1
b0075,1711761360000,buy,70000.0,0.01,1711761390000,1
a0075,1711761360000,sell,70000.1,0.01,1711761390000,1
b0076,1711761420000,buy,70012.0,0.01,1711761450000,1
a0076,1711761420000,sell,70012.1,0.01,1711761450000,1
b0077,1711761480000,buy,69978.3,0.01,1711761510000,1
a0077,1711761480000,sell,69978.4,0.01,1711761510000,1
b0078,1711761540000,buy,70058.6,0.01,1711761570000,1
a0078,1711761540000,sell,70058.7,0.01,1711761570000,1
b0079,1711761600000,buy,70102.0,0.01,1711761630000,1
a0079,1711761600000,sell,70102.1,0.01,1711761630000,1
b0080,1711761660000,buy,70110.6,0.01,1711761690000,1
a0080,1711761660000,sell,70110.7,0.01,1711761690000,1
b0081,1711761720000,buy,70118.0,0.01,1711761750000,1
a0081,1711761720000,sell,70118.1,0.01,1711761750000,1
b0082,1711761780000,buy,70121.5,0.01,1711761810000,1
a0082,1711761780000,sell,70121.6,0.01,1711761810000,1
b0083,1711761840000,buy,70118.0,0.01,1711761870000,1
a0083,1711761840000,sell,70118.1,0.01,1711761870000,1
b0084,1711761900000,buy,70112.8,0.01,1711761930000,1
a0084,1711761900000,sell,70112.9,0.01,1711761930000,1
b0085,1711761960000,buy,70123.7,0.01,1711761990000,1
a0085,1711761960000,sell,70123.8,0.01,1711761990000,1
b0086,1711762020000,buy,70148.7,0.01,1711762050000,0
a0086,1711762020000,sell,70148.8,0.01,1711762050000,1
b0087,1711762080000,buy,70144.5,0.01,1711762110000,1
a0087,1711762080000,sell,70144.6,0.01,1711762110000,0
b0088,1711762140000,buy,70154.2,0.01,1711762170000,1
a0088,1711762140000,sell,70154.3,0.01,1711762170000,1
b0089,1711762200000,buy,70148.2,0.01,1711762230000,1
a0089,1711762200000,sell,70148.3,0.01,1711762230000,1
b0090,1711762260000,buy,70123.1,0.01,1711762290000,1
a0090,1711762260000,sell,70123.2,0.01,1711762290000,1
b0091,1711762320000,buy,70130.2,0.01,1711762350000,1
a0091,1711762320000,sell,70130.3,0.01,1711762350000,1
b0092,1711762380000,buy,70106.2,0.01,1711762410000,1
a0092,1711762380000,sell,70106.3,0.01,1711762410000,1
b0093,1711762440000,buy,70124.9,0.01,1711762470000,1
a0093,1711762440000,sell,70125.0,0.01,1711762470000,1
b0094,1711762500000,buy,70139.9,0.01,1711762530000,1
a0094,1711762500000,sell,70140.0,0.01,1711762530000,1
b0095,1711762560000,buy,70174.9,0.01,1711762590000,0
a0095,1711762560000,sell,70175.0,0.01,1711762590000,1
b0096,1711762620000,buy,70205.4,0.01,1711762650000,1
a0096,1711762620000,sell,70205.5,0.01,1711762650000,1
b0097,1711762680000,buy,70121.7,0.01,1711762710000,1
a0097,1711762680000,sell,70121.8,0.01,1711762710000,1
b0098,1711762740000,buy,70113.6,0.01,1711762770000,1
a0098,1711762740000,sell,70113.7,0.01,1711762770000,1
b0099,1711762800000,buy,70099.9,0.01,1711762830000,1
a0099,1711762800000,sell,70100.0,0.01,1711762830000,1
b0100,1711762860000,buy,70082.4,0.01,1711762890000,1
a0100,1711762860000,sell,70082.5,0.01,1711762890000,1
b0101,1711762920000,buy,70104.9,0.01,1711762950000,1
a0101,1711762920000,sell,70105.0,0.01,1711762950000,1
b0102,1711762980000,buy,70099.9,0.01,1711763010000,1
a0102,1711762980000,sell,70100.0,0.01,1711763010000,1
b0103,1711763040000,buy,70103.9,0.01,1711763070000,1
a0103,1711763040000,sell,70104.0,0.01,1711763070000,1
b0104,1711763100000,buy,70097.9,0.01,1711763130000,1
a0104,1711763100000,sell,70098.0,0.01,1711763130000,1
b0105,1711763160000,buy,70099.9,0.01,1711763190000,1
a0105,1711763160000,sell,70100.0,0.01,1711763190000,1
b0106,1711763220000,buy,70081.1,0.01,1711763250000,1
a0106,1711763220000,sell,70081.2,0.01,1711763250000,1
b0107,1711763280000,buy,70072.9,0.01,1711763310000,1
a0107,1711763280000,sell,70073.0,0.01,1711763310000,1
b0108,1711763340000,buy,70055.9,0.01,1711763370000,1
a0108,1711763340000,sell,70056.0,0.01,1711763370000,1
b0109,1711763400000,buy,70053.7,0.01,1711763430000,1
a0109,1711763400000,sell,70053.8,0.01,1711763430000,1
b0110,1711763460000,buy,70047.2,0.01,1711763490000,1
a0110,1711763460000,sell,70047.3,0.01,1711763490000,1
b0111,1711763520000,buy,70053.1,0.01,1711763550000,1
a0111,1711763520000,sell,70053.2,0.01,1711763550000,1
b0112,1711763580000,buy,70052.1,0.01,1711763610000,1
a0112,1711763580000,sell,70052.2,0.01,1711763610000,1
b0113,1711763640000,buy,70026.7,0.01,1711763670000,1
a0113,1711763640000,sell,70026.8,0.01,1711763670000,1
b0114,1711763700000,buy,70013.1,0.01,1711763730000,1
a0114,1711763700000,sell,70013.2,0.01,1711763730000,1
b0115,1711763760000,buy,69995.0,0.01,1711763790000,1
a0115,1711763760000,sell,69995.1,0.01,1711763790000,1
b0116,1711763820000,buy,70049.9,0.01,1711763850000,1
a0116,1711763820000,sell,70050.0,0.01,1711763850000,1
b0117,1711763880000,buy,70049.9,0.01,1711763910000,1
a0117,1711763880000,sell,70050.0,0.01,1711763910000,1
b0118,1711763940000,buy,70029.0,0.01,1711763970000,1
a0118,1711763940000,sell,70029.1,0.01,1711763970000,1
b0119,1711764000000,buy,70037.9,0.01,1711764030000,1
a0119,1711764000000,sell,70038.0,0.01,1711764030000,1
b0120,1711764060000,buy,70066.5,0.01,1711764090000,1
a0120,1711764060000,sell,70066.6,0.01,1711764090000,0
b0121,1711764120000,buy,70057.7,0.01,1711764150000,1
a0121,1711764120000,sell,70057.8,0.01,1711764150000,0
b0122,1711764180000,buy,70001.2,0.01,1711764210000,1
a0122,1711764180000,sell,70001.3,0.01,1711764210000,1
b0123,1711764240000,buy,69998.4,0.01,1711764270000,1
a0123,1711764240000,sell,69998.5,0.01,1711764270000,1
b0124,1711764300000,buy,69984.8,0.01,1711764330000,1
a0124,1711764300000,sell,69984.9,0.01,1711764330000,1
b0125,1711764360000,buy,69997.4,0.01,1711764390000,1
a0125,1711764360000,sell,69997.5,0.01,1711764390000,1
b0126,1711764420000,buy,69994.8,0.01,1711764450000,1
a0126,1711764420000,sell,69994.9,0.01,1711764450000,0
b0127,1711764480000,buy,69983.7,0.01,1711764510000,1
a0127,1711764480000,sell,69983.8,0.01,1711764510000,1
b0128,1711764540000,buy,70001.1,0.01,1711764570000,1
a0128,1711764540000,sell,70001.2,0.01,1711764570000,1
b0129,1711764600000,buy,69990.3,0.01,1711764630000,1
a0129,1711764600000,sell,69990.4,0.01,1711764630000,1
b0130,1711764660000,buy,70011.8,0.01,1711764690000,1
a0130,1711764660000,sell,70011.9,0.01,1711764690000,1
b0131,1711764720000,buy,69999.0,0.01,1711764750000,1
a0131,1711764720000,sell,69999.1,0.01,1711764750000,1
b0132,1711764780000,buy,69991.9,0.01,1711764810000,1
a0132,1711764780000,sell,69992.0,0.01,1711764810000,0
b0133,1711764840000,buy,69981.7,0.01,1711764870000,1
a0133,1711764840000,sell,69981.8,0.01,1711764870000,1
b0134,1711764900000,buy,69992.6,0.01,1711764930000,1
a0134,1711764900000,sell,69992.7,0.01,1711764930000,1
b0135,1711764960000,buy,70015.8,0.01,1711764990000,1
a0135,1711764960000,sell,70015.9,0.01,1711764990000,1
b0136,1711765020000,buy,69979.8,0.01,1711765050000,1
a0136,1711765020000,sell,69979.9,0.01,1711765050000,1
b0137,1711765080000,buy,69958.7,0.01,1711765110000,0
a0137,1711765080000,sell,69958.8,0.01,1711765110000,1
b0138,1711765140000,buy,69957.1,0.01,1711765170000,1
a0138,1711765140000,sell,69957.2,0.01,1711765170000,1
b0139,1711765200000,buy,69947.0,0.01,1711765230000,1
a0139,1711765200000,sell,69947.1,0.01,1711765230000,1
b0140,1711765260000,buy,69941.7,0.01,1711765290000,1
a0140,1711765260000,sell,69941.8,0.01,1711765290000,1
b0141,1711765320000,buy,69943.6,0.01,1711765350000,1
a0141,1711765320000,sell,69943.7,0.01,1711765350000,1
b0142,1711765380000,buy,69968.3,0.01,1711765410000,1
a0142,1711765380000,sell,69968.4,0.01,1711765410000,1
b0143,1711765440000,buy,69967.8,0.01,1711765470000,1
a0143,1711765440000,sell,69967.9,0.01,1711765470000,1
b0144,1711765500000,buy,69966.8,0.01,1711765530000,1
a0144,1711765500000,sell,69966.9,0.01,1711765530000,1
b0145,1711765560000,buy,69969.3,0.01,1711765590000,1
a0145,1711765560000,sell,69969.4,0.01,1711765590000,1
b0146,1711765620000,buy,69983.8,0.01,1711765650000,1
a0146,1711765620000,sell,69983.9,0.01,1711765650000,1
b0147,1711765680000,buy,69981.9,0.01,1711765710000,1
a0147,1711765680000,sell,69982.0,0.01,1711765710000,1
b0148,1711765740000,buy,69953.8,0.01,1711765770000,1
a0148,1711765740000,sell,69953.9,0.01,1711765770000,1
b0149,1711765800000,buy,69980.0,0.01,1711765830000,1
a0149,1711765800000,sell,69980.1,0.01,1711765830000,1
b0150,1711765860000,buy,70003.5,0.01,1711765890000,1
a0150,1711765860000,sell,70003.6,0.01,1711765890000,1
b0151,1711765920000,buy,70004.8,0.01,1711765950000,1
a0151,1711765920000,sell,70004.9,0.01,1711765950000,1
b0152,1711765980000,buy,69983.0,0.01,1711766010000,1
a0152,1711765980000,sell,69983.1,0.01,1711766010000,1
b0153,1711766040000,buy,69998.0,0.01,1711766070000,1
a0153,1711766040000,sell,69998.1,0.01,1711766070000,1
b0154,1711766100000,buy,69988.0,0.01,1711766130000,1
a0154,1711766100000,sell,69988.1,0.01,1711766130000,1
b0155,1711766160000,buy,70003.6,0.01,1711766190000,1
a0155,1711766160000,sell,70003.7,0.01,1711766190000,1
b0156,1711766220000,buy,70017.3,0.01,1711766250000,1
a0156,1711766220000,sell,70017.4,0.01,1711766250000,0
b0157,1711766280000,buy,69980.0,0.01,1711766310000,1
a0157,1711766280000,sell,69980.1,0.01,1711766310000,1
b0158,1711766340000,buy,69998.7,0.01,1711766370000,1
a0158,1711766340000,sell,69998.8,0.01,1711766370000,1
b0159,1711766400000,buy,70003.6,0.01,1711766430000,1
a0159,1711766400000,sell,70003.7,0.01,1711766430000,1
b0160,1711766460000,buy,70015.5,0.01,1711766490000,1
a0160,1711766460000,sell,70015.6,0.01,1711766490000,1
b0161,1711766520000,buy,70000.0,0.01,1711766550000,1
a0161,1711766520000,sell,70000.1,0.01,1711766550000,1
b0162,1711766580000,buy,69984.7,0.01,1711766610000,1
a0162,1711766580000,sell,69984.8,0.01,1711766610000,1
b0163,1711766640000,buy,70000.9,0.01,1711766670000,1
a0163,1711766640000,sell,70001.0,0.01,1711766670000,1
b0164,1711766700000,buy,70019.9,0.01,1711766730000,1
a0164,1711766700000,sell,70020.0,0.01,1711766730000,1
b0165,1711766760000,buy,69988.7,0.01,1711766790000,1
a0165,1711766760000,sell,69988.8,0.01,1711766790000,1
b0166,1711766820000,buy,69981.0,0.01,1711766850000,1
a0166,1711766820000,sell,69981.1,0.01,1711766850000,0
b0167,1711766880000,buy,69975.5,0.01,1711766910000,1
a0167,1711766880000,sell,69975.6,0.01,1711766910000,1
b0168,1711766940000,buy,69951.6,0.01,1711766970000,1
a0168,1711766940000,sell,69951.7,0.01,1711766970000,1
b0169,1711767000000,buy,69950.0,0.01,1711767030000,1
a0169,1711767000000,sell,69950.1,0.01,1711767030000,1
b0170,1711767060000,buy,69921.1,0.01,1711767090000,1
a0170,1711767060000,sell,69921.2,0.01,1711767090000,1
b0171,1711767120000,buy,69900.6,0.01,1711767150000,1
a0171,1711767120000,sell,69900.7,0.01,1711767150000,1
b0172,1711767180000,buy,69913.5,0.01,1711767210000,1
a0172,1711767180000,sell,69913.6,0.01,1711767210000,1
b0173,1711767240000,buy,69933.7,0.01,1711767270000,1
a0173,1711767240000,sell,69933.8,0.01,1711767270000,1
b0174,1711767300000,buy,69951.0,0.01,1711767330000,1
a0174,1711767300000,sell,69951.1,0.01,1711767330000,1
b0175,1711767360000,buy,69958.3,0.01,1711767390000,1
a0175,1711767360000,sell,69958.4,0.01,1711767390000,1
b0176,1711767420000,buy,69989.9,0.01,1711767450000,1
a0176,1711767420000,sell,69990.0,0.01,1711767450000,1
b0177,1711767480000,buy,69991.1,0.01,1711767510000,1
a0177,1711767480000,sell,69991.2,0.01,1711767510000,1
b0178,1711767540000,buy,69994.8,0.01,1711767570000,1
a0178,1711767540000,sell,69994.9,0.01,1711767570000,1
b0179,1711767600000,buy,69990.3,0.01,1711767630000,1
a0179,1711767600000,sell,69990.4,0.01,1711767630000,1
b0180,1711767660000,buy,69993.9,0.01,1711767690000,1
a0180,1711767660000,sell,69994.0,0.01,1711767690000,1
b0181,1711767720000,buy,69982.1,0.01,1711767750000,1
a0181,1711767720000,sell,69982.2,0.01,1711767750000,1
b0182,1711767780000,buy,69965.7,0.01,1711767810000,1
a0182,1711767780000,sell,69965.8,0.01,1711767810000,1
b0183,1711767840000,buy,69961.8,0.01,1711767870000,0
a0183,1711767840000,sell,69961.9,0.01,1711767870000,1
b0184,1711767900000,buy,69994.9,0.01,1711767930000,1
a0184,1711767900000,sell,69995.0,0.01,1711767930000,1
b0185,1711767960000,buy,70055.1,0.01,1711767990000,1
a0185,1711767960000,sell,70055.2,0.01,1711767990000,1
b0186,1711768020000,buy,70057.3,0.01,1711768050000,1
a0186,1711768020000,sell,70057.4,0.01,1711768050000,1
b0187,1711768080000,buy,70051.7,0.01,1711768110000,1
a0187,1711768080000,sell,70051.8,0.01,1711768110000,1
b0188,1711768140000,buy,70063.4,0.01,1711768170000,1
a0188,1711768140000,sell,70063.5,0.01,1711768170000,1
b0189,1711768200000,buy,70090.0,0.01,1711768230000,1
a0189,1711768200000,sell,70090.1,0.01,1711768230000,1
b0190,1711768260000,buy,70076.1,0.01,1711768290000,1
a0190,1711768260000,sell,70076.2,0.01,1711768290000,1
b0191,1711768320000,buy,70085.2,0.01,1711768350000,1
a0191,1711768320000,sell,70085.3,0.01,1711768350000,1
b0192,1711768380000,buy,70070.0,0.01,1711768410000,1
a0192,1711768380000,sell,70070.1,0.01,1711768410000,1
b0193,1711768440000,buy,70065.3,0.01,1711768470000,1
a0193,1711768440000,sell,70065.4,0.01,1711768470000,1
b0194,1711768500000,buy,70053.9,0.01,1711768530000,1
a0194,1711768500000,sell,70054.0,0.01,1711768530000,1
b0195,1711768560000,buy,70053.4,0.01,1711768590000,1
a0195,1711768560000,sell,70053.5,0.01,1711768590000,1
b0196,1711768620000,buy,70038.0,0.01,1711768650000,1
a0196,1711768620000,sell,70038.1,0.01,1711768650000,1
b0197,1711768680000,buy,70020.0,0.01,1711768710000,1
a0197,1711768680000,sell,70020.1,0.01,1711768710000,0
b0198,1711768740000,buy,69923.0,0.01,1711768770000,1
a0198,1711768740000,sell,69923.1,0.01,1711768770000,1
b0199,1711768800000,buy,69949.5,0.01,1711768830000,1
a0199,1711768800000,sell,69949.6,0.01,1711768830000,1
b0200,1711768860000,buy,69918.4,0.01,1711768890000,1
a0200,1711768860000,sell,69918.5,0.01,1711768890000,1
b0201,1711768920000,buy,69897.0,0.01,1711768950000,1
a0201,1711768920000,sell,69897.1,0.01,1711768950000,1
b0202,1711768980000,buy,69891.6,0.01,1711769010000,1
a0202,1711768980000,sell,69891.7,0.01,1711769010000,1
b0203,1711769040000,buy,69894.5,0.01,1711769070000,1
a0203,1711769040000,sell,69894.6,0.01,1711769070000,1
b0204,1711769100000,buy,69900.0,0.01,1711769130000,1
a0204,1711769100000,sell,69900.1,0.01,1711769130000,1
b0205,1711769160000,buy,69928.6,0.01,1711769190000,1
a0205,1711769160000,sell,69928.7,0.01,1711769190000,1
b0206,1711769220000,buy,69920.4,0.01,1711769250000,1
a0206,1711769220000,sell,69920.5,0.01,1711769250000,1
b0207,1711769280000,buy,69912.0,0.01,1711769310000,1
a0207,1711769280000,sell,69912.1,0.01,1711769310000,1
b0208,1711769340000,buy,69928.2,0.01,1711769370000,1
a0208,1711769340000,sell,69928.3,0.01,1711769370000,1
b0209,1711769400000,buy,69939.9,0.01,1711769430000,1
a0209,1711769400000,sell,69940.0,0.01,1711769430000,1
b0210,1711769460000,buy,69976.9,0.01,1711769490000,1
a0210,1711769460000,sell,69977.0,0.01,1711769490000,1
b0211,1711769520000,buy,69964.6,0.01,1711769550000,1
a0211,1711769520000,sell,69964.7,0.01,1711769550000,1
b0212,1711769580000,buy,69976.5,0.01,1711769610000,1
a0212,1711769580000,sell,69976.6,0.01,1711769610000,1
b0213,1711769640000,buy,69990.7,0.01,1711769670000,1
a0213,1711769640000,sell,69990.8,0.01,1711769670000,1
b0214,1711769700000,buy,69994.7,0.01,1711769730000,1
a0214,1711769700000,sell,69994.8,0.01,1711769730000,1
b0215,1711769760000,buy,70003.1,0.01,1711769790000,1
a0215,1711769760000,sell,70003.2,0.01,1711769790000,1
b0216,1711769820000,buy,69970.9,0.01,1711769850000,1
a0216,1711769820000,sell,69971.0,0.01,1711769850000,1
b0217,1711769880000,buy,69935.6,0.01,1711769910000,1
a0217,1711769880000,sell,69935.7,0.01,1711769910000,1
b0218,1711769940000,buy,69929.9,0.01,1711769970000,1
a0218,1711769940000,sell,69930.0,0.01,1711769970000,1
b0219,1711770000000,buy,69879.0,0.01,1711770030000,1
a0219,1711770000000,sell,69879.1,0.01,1711770030000,1
b0220,1711770060000,buy,69897.3,0.01,1711770090000,1
a0220,1711770060000,sell,69897.4,0.01,1711770090000,1
b0221,1711770120000,buy,69891.5,0.01,1711770150000,1
a0221,1711770120000,sell,69891.6,0.01,1711770150000,1
b0222,1711770180000,buy,69889.1,0.01,1711770210000,1
a0222,1711770180000,sell,69889.2,0.01,1711770210000,1
b0223,1711770240000,buy,69887.8,0.01,1711770270000,1
a0223,1711770240000,sell,69887.9,0.01,1711770270000,1
b0224,1711770300000,buy,69890.3,0.01,1711770330000,1
a0224,1711770300000,sell,69890.4,0.01,1711770330000,1
b0225,1711770360000,buy,69845.0,0.01,1711770390000,1
a0225,1711770360000,sell,69845.1,0.01,1711770390000,1
b0226,1711770420000,buy,69868.4,0.01,1711770450000,1
a0226,1711770420000,sell,69868.5,0.01,1711770450000,1
b0227,1711770480000,buy,69888.5,0.01,1711770510000,1
a0227,1711770480000,sell,69888.6,0.01,1711770510000,1
b0228,1711770540000,buy,69881.0,0.01,1711770570000,1
a0228,1711770540000,sell,69881.1,0.01,1711770570000,1
b0229,1711770600000,buy,69873.0,0.01,1711770630000,1
a0229,1711770600000,sell,69873.1,0.01,1711770630000,1
b0230,1711770660000,buy,69914.8,0.01,1711770690000,1
a0230,1711770660000,sell,69914.9,0.01,1711770690000,0
b0231,1711770720000,buy,69884.4,0.01,1711770750000,1
a0231,1711770720000,sell,69884.5,0.01,1711770750000,1
b0232,1711770780000,buy,69834.9,0.01,1711770810000,1
a0232,1711770780000,sell,69835.0,0.01,1711770810000,1
b0233,1711770840000,buy,69837.2,0.01,1711770870000,1
a0233,1711770840000,sell,69837.3,0.01,1711770870000,1
b0234,1711770900000,buy,69815.6,0.01,1711770930000,1
a0234,1711770900000,sell,69815.7,0.01,1711770930000,1
b0235,1711770960000,buy,69842.5,0.01,1711770990000,1
a0235,1711770960000,sell,69842.6,0.01,1711770990000,1
b0236,1711771020000,buy,69833.5,0.01,1711771050000,1
a0236,1711771020000,sell,69833.6,0.01,1711771050000,0
b0237,1711771080000,buy,69811.0,0.01,1711771110000,1
a0237,1711771080000,sell,69811.1,0.01,1711771110000,1
b0238,1711771140000,buy,69807.7,0.01,1711771170000,1
a0238,1711771140000,sell,69807.8,0.01,1711771170000,1
b0239,1711771200000,buy,69836.8,0.01,1711771230000,1
a0239,1711771200000,sell,69836.9,0.01,1711771230000,1
b0240,1711771260000,buy,69817.5,0.01,1711771290000,1
a0240,1711771260000,sell,69817.6,0.01,1711771290000,1
b0241,1711771320000,buy,69818.5,0.01,1711771350000,1
a0241,1711771320000,sell,69818.6,0.01,1711771350000,1
b0242,1711771380000,buy,69819.9,0.01,1711771410000,1
a0242,1711771380000,sell,69820.0,0.01,1711771410000,1
b0243,1711771440000,buy,69840.6,0.01,1711771470000,1
a0243,1711771440000,sell,69840.7,0.01,1711771470000,1
b0244,1711771500000,buy,69839.9,0.01,1711771530000,1
a0244,1711771500000,sell,69840.0,0.01,1711771530000,1
b0245,1711771560000,buy,69849.4,0.01,1711771590000,1
a0245,1711771560000,sell,69849.5,0.01,1711771590000,1
b0246,1711771620000,buy,69853.0,0.01,1711771650000,1
a0246,1711771620000,sell,69853.1,0.01,1711771650000,1
b0247,1711771680000,buy,69863.6,0.01,1711771710000,1
a0247,1711771680000,sell,69863.7,0.01,1711771710000,1
b0248,1711771740000,buy,69907.0,0.01,1711771770000,1
a0248,1711771740000,sell,69907.1,0.01,1711771770000,1
b0249,1711771800000,buy,69889.0,0.01,1711771830000,1
a0249,1711771800000,sell,69889.1,0.01,1711771830000,1
b0250,1711771860000,buy,69925.9,0.01,1711771890000,1
a0250,1711771860000,sell,69926.0,0.01,1711771890000,1
b0251,1711771920000,buy,69904.6,0.01,1711771950000,1
a0251,1711771920000,sell,69904.7,0.01,1711771950000,1
b0252,1711771980000,buy,69874.9,0.01,1711772010000,1
a0252,1711771980000,sell,69875.0,0.01,1711772010000,1
b0253,1711772040000,buy,69880.8,0.01,1711772070000,1
a0253,1711772040000,sell,69880.9,0.01,1711772070000,1
b0254,1711772100000,buy,69888.7,0.01,1711772130000,1
a0254,1711772100000,sell,69888.8,0.01,1711772130000,1
b0255,1711772160000,buy,69908.2,0.01,1711772190000,1
a0255,1711772160000,sell,69908.3,0.01,1711772190000,1
b0256,1711772220000,buy,69858.5,0.01,1711772250000,1
a0256,1711772220000,sell,69858.6,0.01,1711772250000,1
b0257,1711772280000,buy,69855.1,0.01,1711772310000,1
a0257,1711772280000,sell,69855.2,0.01,1711772310000,1
b0258,1711772340000,buy,69906.4,0.01,1711772370000,1
a0258,1711772340000,sell,69906.5,0.01,1711772370000,1
b0259,1711772400000,buy,69932.0,0.01,1711772430000,1
a0259,1711772400000,sell,69932.1,0.01,1711772430000,1
b0260,1711772460000,buy,69929.1,0.01,1711772490000,1
a0260,1711772460000,sell,69929.2,0.01,1711772490000,1
b0261,1711772520000,buy,69920.8,0.01,1711772550000,0
a0261,1711772520000,sell,69920.9,0.01,1711772550000,1
b0262,1711772580000,buy,69912.7,0.01,1711772610000,1
a0262,1711772580000,sell,69912.8,0.01,1711772610000,1
b0263,1711772640000,buy,69900.1,0.01,1711772670000,1
a0263,1711772640000,sell,69900.2,0.01,1711772670000,0
b0264,1711772700000,buy,69898.7,0.01,1711772730000,1
a0264,1711772700000,sell,69898.8,0.01,1711772730000,1
b0265,1711772760000,buy,69899.4,0.01,1711772790000,1
a0265,1711772760000,sell,69899.5,0.01,1711772790000,1
b0266,1711772820000,buy,69921.2,0.01,1711772850000,1
a0266,1711772820000,sell,69921.3,0.01,1711772850000,1
b0267,1711772880000,buy,69925.1,0.01,1711772910000,1
a0267,1711772880000,sell,69925.2,0.01,1711772910000,1
b0268,1711772940000,buy,69917.6,0.01,1711772970000,1
a0268,1711772940000,sell,69917.7,0.01,1711772970000,1
b0269,1711773000000,buy,69917.6,0.01,1711773030000,1
a0269,1711773000000,sell,69917.7,0.01,1711773030000,1
b0270,1711773060000,buy,69942.4,0.01,1711773090000,1
a0270,1711773060000,sell,69942.5,0.01,1711773090000,1
b0271,1711773120000,buy,70000.0,0.01,1711773150000,1
a0271,1711773120000,sell,70000.1,0.01,1711773150000,1
b0272,1711773180000,buy,70000.0,0.01,1711773210000,1
a0272,1711773180000,sell,70000.1,0.01,1711773210000,1
b0273,1711773240000,buy,69994.4,0.01,1711773270000,1
a0273,1711773240000,sell,69994.5,0.01,1711773270000,1
b0274,1711773300000,buy,69977.2,0.01,1711773330000,1
a0274,1711773300000,sell,69977.3,0.01,1711773330000,1
b0275,1711773360000,buy,69985.5,0.01,1711773390000,1
a0275,1711773360000,sell,69985.6,0.01,1711773390000,1
b0276,1711773420000,buy,69981.8,0.01,1711773450000,1
a0276,1711773420000,sell,69981.9,0.01,1711773450000,0
b0277,1711773480000,buy,69958.5,0.01,1711773510000,1
a0277,1711773480000,sell,69958.6,0.01,1711773510000,1
b0278,1711773540000,buy,69970.3,0.01,1711773570000,1
a0278,1711773540000,sell,69970.4,0.01,1711773570000,1
b0279,1711773600000,buy,69970.3,0.01,1711773630000,1
a0279,1711773600000,sell,69970.4,0.01,1711773630000,1
b0280,1711773660000,buy,69999.9,0.01,1711773690000,1
a0280,1711773660000,sell,70000.0,0.01,1711773690000,1
b0281,1711773720000,buy,70006.8,0.01,1711773750000,1
a0281,1711773720000,sell,70006.9,0.01,1711773750000,1
b0282,1711773780000,buy,70003.5,0.01,1711773810000,1
a0282,1711773780000,sell,70003.6,0.01,1711773810000,1
b0283,1711773840000,buy,70017.6,0.01,1711773870000,1
a0283,1711773840000,sell,70017.7,0.01,1711773870000,1
b0284,1711773900000,buy,69990.0,0.01,1711773930000,1
a0284,1711773900000,sell,69990.1,0.01,1711773930000,1
b0285,1711773960000,buy,70005.6,0.01,1711773990000,1
a0285,1711773960000,sell,70005.7,0.01,1711773990000,1
b0286,1711774020000,buy,70004.0,0.01,1711774050000,0
a0286,1711774020000,sell,70004.1,0.01,1711774050000,1
b0287,1711774080000,buy,70017.2,0.01,1711774110000,1
a0287,1711774080000,sell,70017.3,0.01,1711774110000,1
b0288,1711774140000,buy,70015.8,0.01,1711774170000,1
a0288,1711774140000,sell,70015.9,0.01,1711774170000,1
b0289,1711774200000,buy,69999.9,0.01,1711774230000,1
a0289,1711774200000,sell,70000.0,0.01,1711774230000,1
b0290,1711774260000,buy,70027.4,0.01,1711774290000,1
a0290,1711774260000,sell,70027.5,0.01,1711774290000,1
b0291,1711774320000,buy,70045.9,0.01,1711774350000,0
a0291,1711774320000,sell,70046.0,0.01,1711774350000,1
b0292,1711774380000,buy,70065.2,0.01,1711774410000,1
a0292,1711774380000,sell,70065.3,0.01,1711774410000,1
b0293,1711774440000,buy,70130.0,0.01,1711774470000,1
a0293,1711774440000,sell,70130.1,0.01,1711774470000,1
b0294,1711774500000,buy,70107.5,0.01,1711774530000,1
a0294,1711774500000,sell,70107.6,0.01,1711774530000,1
b0295,1711774560000,buy,70138.9,0.01,1711774590000,1
a0295,1711774560000,sell,70139.0,0.01,1711774590000,1
b0296,1711774620000,buy,70160.0,0.01,1711774650000,1
a0296,1711774620000,sell,70160.1,0.01,1711774650000,1
b0297,1711774680000,buy,70131.3,0.01,1711774710000,1
a0297,1711774680000,sell,70131.4,0.01,1711774710000,1
b0298,1711774740000,buy,70127.8,0.01,1711774770000,1
a0298,1711774740000,sell,70127.9,0.01,1711774770000,1
b0299,1711774800000,buy,70135.9,0.01,1711774830000,1
a0299,1711774800000,sell,70136.0,0.01,1711774830000,1
b0300,1711774860000,buy,70204.9,0.01,1711774890000,1
a0300,1711774860000,sell,70205.0,0.01,1711774890000,1
b0301,1711774920000,buy,70270.0,0.01,1711774950000,1
a0301,1711774920000,sell,70270.1,0.01,1711774950000,1
b0302,1711774980000,buy,70365.8,0.01,1711775010000,1
a0302,1711774980000,sell,70365.9,0.01,1711775010000,1
b0303,1711775040000,buy,70373.8,0.01,1711775070000,1
a0303,1711775040000,sell,70373.9,0.01,1711775070000,1
b0304,1711775100000,buy,70304.9,0.01,1711775130000,1
a0304,1711775100000,sell,70305.0,0.01,1711775130000,1
b0305,1711775160000,buy,70341.4,0.01,1711775190000,1
a0305,1711775160000,sell,70341.5,0.01,1711775190000,1
b0306,1711775220000,buy,70363.5,0.01,1711775250000,1
a0306,1711775220000,sell,70363.6,0.01,1711775250000,1
b0307,1711775280000,buy,70303.9,0.01,1711775310000,1
a0307,1711775280000,sell,70304.0,0.01,1711775310000,1
b0308,1711775340000,buy,70331.9,0.01,1711775370000,1
a0308,1711775340000,sell,70332.0,0.01,1711775370000,1
b0309,1711775400000,buy,70280.0,0.01,1711775430000,1
a0309,1711775400000,sell,70280.1,0.01,1711775430000,1
b0310,1711775460000,buy,70241.3,0.01,1711775490000,1
a0310,1711775460000,sell,70241.4,0.01,1711775490000,1
b0311,1711775520000,buy,70221.6,0.01,1711775550000,1
a0311,1711775520000,sell,70221.7,0.01,1711775550000,0
b0312,1711775580000,buy,70165.0,0.01,1711775610000,1
a0312,1711775580000,sell,70165.1,0.01,1711775610000,1
b0313,1711775640000,buy,70179.5,0.01,1711775670000,1
a0313,1711775640000,sell,70179.6,0.01,1711775670000,0
b0314,1711775700000,buy,70159.5,0.01,1711775730000,1
a0314,1711775700000,sell,70159.6,0.01,1711775730000,1
b0315,1711775760000,buy,70221.9,0.01,1711775790000,1
a0315,1711775760000,sell,70222.0,0.01,1711775790000,1
b0316,1711775820000,buy,70287.9,0.01,1711775850000,1
a0316,1711775820000,sell,70288.0,0.01,1711775850000,1
b0317,1711775880000,buy,70251.3,0.01,1711775910000,1
a0317,1711775880000,sell,70251.4,0.01,1711775910000,1
b0318,1711775940000,buy,70222.0,0.01,1711775970000,1
a0318,1711775940000,sell,70222.1,0.01,1711775970000,1
b0319,1711776000000,buy,70214.3,0.01,1711776030000,1
a0319,1711776000000,sell,70214.4,0.01,1711776030000,1
b0320,1711776060000,buy,70210.5,0.01,1711776090000,1
a0320,1711776060000,sell,70210.6,0.01,1711776090000,1
b0321,1711776120000,buy,70139.8,0.01,1711776150000,1
a0321,1711776120000,sell,70139.9,0.01,1711776150000,1
b0322,1711776180000,buy,70097.9,0.01,1711776210000,0
a0322,1711776180000,sell,70098.0,0.01,1711776210000,1
b0323,1711776240000,buy,70133.7,0.01,1711776270000,1
a0323,1711776240000,sell,70133.8,0.01,1711776270000,0
b0324,1711776300000,buy,70120.9,0.01,1711776330000,1
a0324,1711776300000,sell,70121.0,0.01,1711776330000,1
b0325,1711776360000,buy,70083.2,0.01,1711776390000,1
a0325,1711776360000,sell,70083.3,0.01,1711776390000,1
b0326,1711776420000,buy,70070.0,0.01,1711776450000,1
a0326,1711776420000,sell,70070.1,0.01,1711776450000,1
b0327,1711776480000,buy,70074.4,0.01,1711776510000,1
a0327,1711776480000,sell,70074.5,0.01,1711776510000,1
b0328,1711776540000,buy,70047.9,0.01,1711776570000,1
a0328,1711776540000,sell,70048.0,0.01,1711776570000,1
b0329,1711776600000,buy,70029.5,0.01,1711776630000,1
a0329,1711776600000,sell,70029.6,0.01,1711776630000,1
b0330,1711776660000,buy,70011.8,0.01,1711776690000,1
a0330,1711776660000,sell,70011.9,0.01,1711776690000,1
b0331,1711776720000,buy,69970.6,0.01,1711776750000,1
a0331,1711776720000,sell,69970.7,0.01,1711776750000,1
b0332,1711776780000,buy,69963.0,0.01,1711776810000,1
a0332,1711776780000,sell,69963.1,0.01,1711776810000,1
b0333,1711776840000,buy,69967.6,0.01,1711776870000,1
a0333,1711776840000,sell,69967.7,0.01,1711776870000,1
b0334,1711776900000,buy,69979.9,0.01,1711776930000,1
a0334,1711776900000,sell,69980.0,0.01,1711776930000,1
b0335,1711776960000,buy,70062.7,0.01,1711776990000,1
a0335,1711776960000,sell,70062.8,0.01,1711776990000,1
b0336,1711777020000,buy,70028.4,0.01,1711777050000,1
a0336,1711777020000,sell,70028.5,0.01,1711777050000,1
b0337,1711777080000,buy,70056.9,0.01,1711777110000,1
a0337,1711777080000,sell,70057.0,0.01,1711777110000,1
b0338,1711777140000,buy,70109.6,0.01,1711777170000,1
a0338,1711777140000,sell,70109.7,0.01,1711777170000,1
b0339,1711777200000,buy,70072.8,0.01,1711777230000,1
a0339,1711777200000,sell,70072.9,0.01,1711777230000,1
b0340,1711777260000,buy,70087.4,0.01,1711777290000,1
a0340,1711777260000,sell,70087.5,0.01,1711777290000,1
b0341,1711777320000,buy,70101.7,0.01,1711777350000,1
a0341,1711777320000,sell,70101.8,0.01,1711777350000,1
b0342,1711777380000,buy,70101.7,0.01,1711777410000,1
a0342,1711777380000,sell,70101.8,0.01,1711777410000,1
b0343,1711777440000,buy,70103.1,0.01,1711777470000,1
a0343,1711777440000,sell,70103.2,0.01,1711777470000,1
b0344,1711777500000,buy,70077.7,0.01,1711777530000,1
a0344,1711777500000,sell,70077.8,0.01,1711777530000,1
b0345,1711777560000,buy,70089.7,0.01,1711777590000,1
a0345,1711777560000,sell,70089.8,0.01,1711777590000,1
b0346,1711777620000,buy,70075.5,0.01,1711777650000,1
a0346,1711777620000,sell,70075.6,0.01,1711777650000,1
b0347,1711777680000,buy,70088.1,0.01,1711777710000,1
a0347,1711777680000,sell,70088.2,0.01,1711777710000,1
b0348,1711777740000,buy,70117.2,0.01,1711777770000,1
a0348,1711777740000,sell,70117.3,0.01,1711777770000,1
b0349,1711777800000,buy,70122.8,0.01,1711777830000,1
a0349,1711777800000,sell,70122.9,0.01,1711777830000,1
b0350,1711777860000,buy,70139.4,0.01,1711777890000,1
a0350,1711777860000,sell,70139.5,0.01,1711777890000,1
b0351,1711777920000,buy,70091.5,0.01,1711777950000,1
a0351,1711777920000,sell,70091.6,0.01,1711777950000,1
b0352,1711777980000,buy,70056.0,0.01,1711778010000,1
a0352,1711777980000,sell,70056.1,0.01,1711778010000,1
b0353,1711778040000,buy,70081.2,0.01,1711778070000,1
a0353,1711778040000,sell,70081.3,0.01,1711778070000,1
b0354,1711778100000,buy,70110.5,0.01,1711778130000,1
a0354,1711778100000,sell,70110.6,0.01,1711778130000,1
b0355,1711778160000,buy,70105.0,0.01,1711778190000,1
a0355,1711778160000,sell,70105.1,0.01,1711778190000,1
b0356,1711778220000,buy,70077.9,0.01,1711778250000,1
a0356,1711778220000,sell,70078.0,0.01,1711778250000,1
b0357,1711778280000,buy,70087.1,0.01,1711778310000,1
a0357,1711778280000,sell,70087.2,0.01,1711778310000,1
b0358,1711778340000,buy,70085.8,0.01,1711778370000,1
a0358,1711778340000,sell,70085.9,0.01,1711778370000,1
b0359,1711778400000,buy,70075.0,0.01,1711778430000,1
a0359,1711778400000,sell,70075.1,0.01,1711778430000,1
b0360,1711778460000,buy,70055.5,0.01,1711778490000,1
a0360,1711778460000,sell,70055.6,0.01,1711778490000,1
b0361,1711778520000,buy,70031.1,0.01,1711778550000,1
a0361,1711778520000,sell,70031.2,0.01,1711778550000,1
b0362,1711778580000,buy,70005.9,0.01,1711778610000,1
a0362,1711778580000,sell,70006.0,0.01,1711778610000,1
b0363,1711778640000,buy,70012.6,0.01,1711778670000,1
a0363,1711778640000,sell,70012.7,0.01,1711778670000,1
b0364,1711778700000,buy,70003.9,0.01,1711778730000,1
a0364,1711778700000,sell,70004.0,0.01,1711778730000,1
b0365,1711778760000,buy,70010.6,0.01,1711778790000,1
a0365,1711778760000,sell,70010.7,0.01,1711778790000,0
b0366,1711778820000,buy,69997.6,0.01,1711778850000,1
a0366,1711778820000,sell,69997.7,0.01,1711778850000,1
b0367,1711778880000,buy,69969.9,0.01,1711778910000,1
a0367,1711778880000,sell,69970.0,0.01,1711778910000,1
b0368,1711778940000,buy,69952.6,0.01,1711778970000,1
a0368,1711778940000,sell,69952.7,0.01,1711778970000,1
b0369,1711779000000,buy,69958.8,0.01,1711779030000,0
a0369,1711779000000,sell,69958.9,0.01,1711779030000,1
b0370,1711779060000,buy,69961.1,0.01,1711779090000,1
a0370,1711779060000,sell,69961.2,0.01,1711779090000,1
b0371,1711779120000,buy,69980.6,0.01,1711779150000,1
a0371,1711779120000,sell,69980.7,0.01,1711779150000,1
b0372,1711779180000,buy,69992.3,0.01,1711779210000,1
a0372,1711779180000,sell,69992.4,0.01,1711779210000,1
b0373,1711779240000,buy,70012.2,0.01,1711779270000,1
a0373,1711779240000,sell,70012.3,0.01,1711779270000,1
b0374,1711779300000,buy,70020.2,0.01,1711779330000,1
a0374,1711779300000,sell,70020.3,0.01,1711779330000,1
b0375,1711779360000,buy,70053.4,0.01,1711779390000,1
a0375,1711779360000,sell,70053.5,0.01,1711779390000,1
b0376,1711779420000,buy,70068.5,0.01,1711779450000,1
a0376,1711779420000,sell,70068.6,0.01,1711779450000,1
b0377,1711779480000,buy,70089.0,0.01,1711779510000,1
a0377,1711779480000,sell,70089.1,0.01,1711779510000,1
b0378,1711779540000,buy,70103.7,0.01,1711779570000,1
a0378,1711779540000,sell,70103.8,0.01,1711779570000,1
b0379,1711779600000,buy,70113.2,0.01,1711779630000,1
a0379,1711779600000,sell,70113.3,0.01,1711779630000,0
b0380,1711779660000,buy,70082.0,0.01,1711779690000,1
a0380,1711779660000,sell,70082.1,0.01,1711779690000,1
b0381,1711779720000,buy,70071.4,0.01,1711779750000,1
a0381,1711779720000,sell,70071.5,0.01,1711779750000,1
b0382,1711779780000,buy,70058.0,0.01,1711779810000,1
a0382,1711779780000,sell,70058.1,0.01,1711779810000,1
b0383,1711779840000,buy,70035.9,0.01,1711779870000,1
a0383,1711779840000,sell,70036.0,0.01,1711779870000,1
b0384,1711779900000,buy,70067.4,0.01,1711779930000,1
a0384,1711779900000,sell,70067.5,0.01,1711779930000,1
b0385,1711779960000,buy,70131.1,0.01,1711779990000,1
a0385,1711779960000,sell,70131.2,0.01,1711779990000,1
b0386,1711780020000,buy,70111.4,0.01,1711780050000,1
a0386,1711780020000,sell,70111.5,0.01,1711780050000,1
b0387,1711780080000,buy,70149.9,0.01,1711780110000,1
a0387,1711780080000,sell,70150.0,0.01,1711780110000,1
b0388,1711780140000,buy,70136.1,0.01,1711780170000,1
a0388,1711780140000,sell,70136.2,0.01,1711780170000,1
b0389,1711780200000,buy,70136.1,0.01,1711780230000,1
a0389,1711780200000,sell,70136.2,0.01,1711780230000,1
b0390,1711780260000,buy,70094.0,0.01,1711780290000,1
a0390,1711780260000,sell,70094.1,0.01,1711780290000,1
b0391,1711780320000,buy,70067.1,0.01,1711780350000,1
a0391,1711780320000,sell,70067.2,0.01,1711780350000,1
b0392,1711780380000,buy,70050.0,0.01,1711780410000,1
a0392,1711780380000,sell,70050.1,0.01,1711780410000,0
b0393,1711780440000,buy,70005.9,0.01,1711780470000,1
a0393,1711780440000,sell,70006.0,0.01,1711780470000,1
b0394,1711780500000,buy,69999.9,0.01,1711780530000,1
a0394,1711780500000,sell,70000.0,0.01,1711780530000,1
b0395,1711780560000,buy,70018.8,0.01,1711780590000,1
a0395,1711780560000,sell,70018.9,0.01,1711780590000,1
b0396,1711780620000,buy,70030.2,0.01,1711780650000,1
a0396,1711780620000,sell,70030.3,0.01,1711780650000,1
b0397,1711780680000,buy,70003.6,0.01,1711780710000,1
a0397,1711780680000,sell,70003.7,0.01,1711780710000,1
b0398,1711780740000,buy,69995.0,0.01,1711780770000,1
a0398,1711780740000,sell,69995.1,0.01,1711780770000,1
b0399,1711780800000,buy,69980.6,0.01,1711780830000,0
a0399,1711780800000,sell,69980.7,0.01,1711780830000,1
b0400,1711780860000,buy,69965.6,0.01,1711780890000,1
a0400,1711780860000,sell,69965.7,0.01,1711780890000,1
b0401,1711780920000,buy,70012.9,0.01,1711780950000,1
a0401,1711780920000,sell,70013.0,0.01,1711780950000,1
b0402,1711780980000,buy,70013.1,0.01,1711781010000,1
a0402,1711780980000,sell,70013.2,0.01,1711781010000,1
b0403,1711781040000,buy,70022.4,0.01,1711781070000,1
a0403,1711781040000,sell,70022.5,0.01,1711781070000,1
b0404,1711781100000,buy,70027.0,0.01,1711781130000,0
a0404,1711781100000,sell,70027.1,0.01,1711781130000,1
b0405,1711781160000,buy,70048.3,0.01,1711781190000,1
a0405,1711781160000,sell,70048.4,0.01,1711781190000,1
b0406,1711781220000,buy,70064.4,0.01,1711781250000,1
a0406,1711781220000,sell,70064.5,0.01,1711781250000,1
b0407,1711781280000,buy,70084.7,0.01,1711781310000,1
a0407,1711781280000,sell,70084.8,0.01,1711781310000,1
b0408,1711781340000,buy,70080.0,0.01,1711781370000,1
a0408,1711781340000,sell,70080.1,0.01,1711781370000,0
b0409,1711781400000,buy,70077.0,0.01,1711781430000,1
a0409,1711781400000,sell,70077.1,0.01,1711781430000,1
b0410,1711781460000,buy,70052.4,0.01,1711781490000,1
a0410,1711781460000,sell,70052.5,0.01,1711781490000,0
b0411,1711781520000,buy,70060.3,0.01,1711781550000,1
a0411,1711781520000,sell,70060.4,0.01,1711781550000,1
b0412,1711781580000,buy,70072.0,0.01,1711781610000,1
a0412,1711781580000,sell,70072.1,0.01,1711781610000,1
b0413,1711781640000,buy,70049.1,0.01,1711781670000,1
a0413,1711781640000,sell,70049.2,0.01,1711781670000,1
b0414,1711781700000,buy,70031.3,0.01,1711781730000,1
a0414,1711781700000,sell,70031.4,0.01,1711781730000,1
b0415,1711781760000,buy,70051.9,0.01,1711781790000,1
a0415,1711781760000,sell,70052.0,0.01,1711781790000,1
b0416,1711781820000,buy,70059.6,0.01,1711781850000,1
a0416,1711781820000,sell,70059.7,0.01,1711781850000,1
b0417,1711781880000,buy,70076.6,0.01,1711781910000,1
a0417,1711781880000,sell,70076.7,0.01,1711781910000,1
b0418,1711781940000,buy,70037.1,0.01,1711781970000,1
a0418,1711781940000,sell,70037.2,0.01,1711781970000,1
b0419,1711782000000,buy,70014.2,0.01,1711782030000,1
a0419,1711782000000,sell,70014.3,0.01,1711782030000,1
b0420,1711782060000,buy,70045.5,0.01,1711782090000,1
a0420,1711782060000,sell,70045.6,0.01,1711782090000,1
b0421,1711782120000,buy,70035.0,0.01,1711782150000,1
a0421,1711782120000,sell,70035.1,0.01,1711782150000,1
b0422,1711782180000,buy,70057.1,0.01,1711782210000,1
a0422,1711782180000,sell,70057.2,0.01,1711782210000,1
b0423,1711782240000,buy,70056.4,0.01,1711782270000,1
a0423,1711782240000,sell,70056.5,0.01,1711782270000,1
b0424,1711782300000,buy,70077.8,0.01,1711782330000,1
a0424,1711782300000,sell,70077.9,0.01,1711782330000,1
b0425,1711782360000,buy,70038.0,0.01,1711782390000,1
a0425,1711782360000,sell,70038.1,0.01,1711782390000,1
b0426,1711782420000,buy,69995.9,0.01,1711782450000,1
a0426,1711782420000,sell,69996.0,0.01,1711782450000,1
b0427,1711782480000,buy,69975.0,0.01,1711782510000,1
a0427,1711782480000,sell,69975.1,0.01,1711782510000,1
b0428,1711782540000,buy,69982.4,0.01,1711782570000,1
a0428,1711782540000,sell,69982.5,0.01,1711782570000,1
b0429,1711782600000,buy,70011.9,0.01,1711782630000,0
a0429,1711782600000,sell,70012.0,0.01,1711782630000,1
b0430,1711782660000,buy,70069.0,0.01,1711782690000,1
a0430,1711782660000,sell,70069.1,0.01,1711782690000,1
b0431,1711782720000,buy,70075.7,0.01,1711782750000,1
a0431,1711782720000,sell,70075.8,0.01,1711782750000,1
b0432,1711782780000,buy,70084.8,0.01,1711782810000,1
a0432,1711782780000,sell,70084.9,0.01,1711782810000,1
b0433,1711782840000,buy,70091.4,0.01,1711782870000,1
a0433,1711782840000,sell,70091.5,0.01,1711782870000,1
b0434,1711782900000,buy,70082.7,0.01,1711782930000,1
a0434,1711782900000,sell,70082.8,0.01,1711782930000,1
b0435,1711782960000,buy,70085.9,0.01,1711782990000,1
a0435,1711782960000,sell,70086.0,0.01,1711782990000,1
b0436,1711783020000,buy,70060.9,0.01,1711783050000,1
a0436,1711783020000,sell,70061.0,0.01,1711783050000,1
b0437,1711783080000,buy,70057.5,0.01,1711783110000,1
a0437,1711783080000,sell,70057.6,0.01,1711783110000,1
b0438,1711783140000,buy,70045.4,0.01,1711783170000,1
a0438,1711783140000,sell,70045.5,0.01,1711783170000,1
b0439,1711783200000,buy,70042.8,0.01,1711783230000,1
a0439,1711783200000,sell,70042.9,0.01,1711783230000,1
b0440,1711783260000,buy,70057.5,0.01,1711783290000,1
a0440,1711783260000,sell,70057.6,0.01,1711783290000,1
b0441,1711783320000,buy,70033.5,0.01,1711783350000,1
a0441,1711783320000,sell,70033.6,0.01,1711783350000,1
b0442,1711783380000,buy,70036.1,0.01,1711783410000,1
a0442,1711783380000,sell,70036.2,0.01,1711783410000,0
b0443,1711783440000,buy,70010.0,0.01,1711783470000,1
a0443,1711783440000,sell,70010.1,0.01,1711783470000,1
b0444,1711783500000,buy,70010.0,0.01,1711783530000,1
a0444,1711783500000,sell,70010.1,0.01,1711783530000,1
b0445,1711783560000,buy,69998.6,0.01,1711783590000,1
a0445,1711783560000,sell,69998.7,0.01,1711783590000,1
b0446,1711783620000,buy,70000.0,0.01,1711783650000,1
a0446,1711783620000,sell,70000.1,0.01,1711783650000,1
b0447,1711783680000,buy,69983.5,0.01,1711783710000,1
a0447,1711783680000,sell,69983.6,0.01,1711783710000,1
b0448,1711783740000,buy,69989.0,0.01,1711783770000,1
a0448,1711783740000,sell,69989.1,0.01,1711783770000,1
b0449,1711783800000,buy,70001.8,0.01,1711783830000,1
a0449,1711783800000,sell,70001.9,0.01,1711783830000,1
b0450,1711783860000,buy,70027.8,0.01,1711783890000,1
a0450,1711783860000,sell,70027.9,0.01,1711783890000,1
b0451,1711783920000,buy,69995.7,0.01,1711783950000,1
a0451,1711783920000,sell,69995.8,0.01,1711783950000,1
b0452,1711783980000,buy,69993.2,0.01,1711784010000,1
a0452,1711783980000,sell,69993.3,0.01,1711784010000,1
b0453,1711784040000,buy,70021.6,0.01,1711784070000,1
a0453,1711784040000,sell,70021.7,0.01,1711784070000,1
b0454,1711784100000,buy,70017.0,0.01,1711784130000,1
a0454,1711784100000,sell,70017.1,0.01,1711784130000,1
b0455,1711784160000,buy,70034.8,0.01,1711784190000,1
a0455,1711784160000,sell,70034.9,0.01,1711784190000,1
b0456,1711784220000,buy,70036.4,0.01,1711784250000,1
a0456,1711784220000,sell,70036.5,0.01,1711784250000,1
b0457,1711784280000,buy,70013.9,0.01,1711784310000,1
a0457,1711784280000,sell,70014.0,0.01,1711784310000,1
b0458,1711784340000,buy,69993.8,0.01,1711784370000,1
a0458,1711784340000,sell,69993.9,0.01,1711784370000,1
b0459,1711784400000,buy,69988.0,0.01,1711784430000,1
a0459,1711784400000,sell,69988.1,0.01,1711784430000,1
b0460,1711784460000,buy,70009.7,0.01,1711784490000,1
a0460,1711784460000,sell,70009.8,0.01,1711784490000,1
b0461,1711784520000,buy,70048.6,0.01,1711784550000,1
a0461,1711784520000,sell,70048.7,0.01,1711784550000,1
b0462,1711784580000,buy,70043.7,0.01,1711784610000,1
a0462,1711784580000,sell,70043.8,0.01,1711784610000,1
b0463,1711784640000,buy,70031.9,0.01,1711784670000,1
a0463,1711784640000,sell,70032.0,0.01,1711784670000,1
b0464,1711784700000,buy,70034.4,0.01,1711784730000,1
a0464,1711784700000,sell,70034.5,0.01,1711784730000,1
b0465,1711784760000,buy,70027.3,0.01,1711784790000,1
a0465,1711784760000,sell,70027.4,0.01,1711784790000,1
b0466,1711784820000,buy,70031.6,0.01,1711784850000,1
a0466,1711784820000,sell,70031.7,0.01,1711784850000,1
b0467,1711784880000,buy,70022.4,0.01,1711784910000,1
a0467,1711784880000,sell,70022.5,0.01,1711784910000,1
b0468,1711784940000,buy,70005.5,0.01,1711784970000,1
a0468,1711784940000,sell,70005.6,0.01,1711784970000,1
b0469,1711785000000,buy,70003.4,0.01,1711785030000,1
a0469,1711785000000,sell,70003.5,0.01,1711785030000,1
b0470,1711785060000,buy,69990.0,0.01,1711785090000,1
a0470,1711785060000,sell,69990.1,0.01,1711785090000,1
b0471,1711785120000,buy,69987.0,0.01,1711785150000,1
a0471,1711785120000,sell,69987.1,0.01,1711785150000,1
b0472,1711785180000,buy,69994.4,0.01,1711785210000,1
a0472,1711785180000,sell,69994.5,0.01,1711785210000,1
b0473,1711785240000,buy,69987.2,0.01,1711785270000,1
a0473,1711785240000,sell,69987.3,0.01,1711785270000,0
b0474,1711785300000,buy,69978.9,0.01,1711785330000,1
a0474,1711785300000,sell,69979.0,0.01,1711785330000,1
b0475,1711785360000,buy,69976.0,0.01,1711785390000,1
a0475,1711785360000,sell,69976.1,0.01,1711785390000,1
b0476,1711785420000,buy,69920.8,0.01,1711785450000,1
a0476,1711785420000,sell,69920.9,0.01,1711785450000,1
b0477,1711785480000,buy,69920.1,0.01,1711785510000,1
a0477,1711785480000,sell,69920.2,0.01,1711785510000,1
b0478,1711785540000,buy,69907.1,0.01,1711785570000,1
a0478,1711785540000,sell,69907.2,0.01,1711785570000,1
b0479,1711785600000,buy,69900.1,0.01,1711785630000,1
a0479,1711785600000,sell,69900.2,0.01,1711785630000,1
b0480,1711785660000,buy,69940.0,0.01,1711785690000,1
a0480,1711785660000,sell,69940.1,0.01,1711785690000,1
b0481,1711785720000,buy,69925.3,0.01,1711785750000,1
a0481,1711785720000,sell,69925.4,0.01,1711785750000,1
b0482,1711785780000,buy,69938.5,0.01,1711785810000,1
a0482,1711785780000,sell,69938.6,0.01,1711785810000,1
b0483,1711785840000,buy,69934.8,0.01,1711785870000,1
a0483,1711785840000,sell,69934.9,0.01,1711785870000,1
b0484,1711785900000,buy,69935.1,0.01,1711785930000,1
a0484,1711785900000,sell,69935.2,0.01,1711785930000,1
b0485,1711785960000,buy,69955.5,0.01,1711785990000,1
a0485,1711785960000,sell,69955.6,0.01,1711785990000,1
b0486,1711786020000,buy,69930.0,0.01,1711786050000,1
a0486,1711786020000,sell,69930.1,0.01,1711786050000,1
b0487,1711786080000,buy,69943.0,0.01,1711786110000,1
a0487,1711786080000,sell,69943.1,0.01,1711786110000,1
b0488,1711786140000,buy,69958.1,0.01,1711786170000,1
a0488,1711786140000,sell,69958.2,0.01,1711786170000,1
b0489,1711786200000,buy,69961.4,0.01,1711786230000,1
a0489,1711786200000,sell,69961.5,0.01,1711786230000,1
b0490,1711786260000,buy,69976.9,0.01,1711786290000,1
a0490,1711786260000,sell,69977.0,0.01,1711786290000,1
b0491,1711786320000,buy,69978.4,0.01,1711786350000,1
a0491,1711786320000,sell,69978.5,0.01,1711786350000,1
b0492,1711786380000,buy,69989.9,0.01,1711786410000,1
a0492,1711786380000,sell,69990.0,0.01,1711786410000,1
b0493,1711786440000,buy,70003.1,0.01,1711786470000,1
a0493,1711786440000,sell,70003.2,0.01,1711786470000,1
b0494,1711786500000,buy,69988.0,0.01,1711786530000,1
a0494,1711786500000,sell,69988.1,0.01,1711786530000,1
b0495,1711786560000,buy,69974.0,0.01,1711786590000,1
a0495,1711786560000,sell,69974.1,0.01,1711786590000,1
b0496,1711786620000,buy,69960.0,0.01,1711786650000,1
a0496,1711786620000,sell,69960.1,0.01,1711786650000,1
b0497,1711786680000,buy,69960.0,0.01,1711786710000,1
a0497,1711786680000,sell,69960.1,0.01,1711786710000,1
b0498,1711786740000,buy,69976.0,0.01,1711786770000,1
a0498,1711786740000,sell,69976.1,0.01,1711786770000,1
b0499,1711786800000,buy,70012.5,0.01,1711786830000,1
a0499,1711786800000,sell,70012.6,0.01,1711786830000,1
b0500,1711786860000,buy,70038.0,0.01,1711786890000,1
a0500,1711786860000,sell,70038.1,0.01,1711786890000,1
b0501,1711786920000,buy,70076.7,0.01,1711786950000,1
a0501,1711786920000,sell,70076.8,0.01,1711786950000,1
b0502,1711786980000,buy,70061.9,0.01,1711787010000,1
a0502,1711786980000,sell,70062.0,0.01,1711787010000,1
b0503,1711787040000,buy,70045.2,0.01,1711787070000,1
a0503,1711787040000,sell,70045.3,0.01,1711787070000,1
b0504,1711787100000,buy,70018.5,0.01,1711787130000,1
a0504,1711787100000,sell,70018.6,0.01,1711787130000,1
b0505,1711787160000,buy,70000.0,0.01,1711787190000,1
a0505,1711787160000,sell,70000.1,0.01,1711787190000,0
b0506,1711787220000,buy,69992.7,0.01,1711787250000,1
a0506,1711787220000,sell,69992.8,0.01,1711787250000,1
b0507,1711787280000,buy,70007.4,0.01,1711787310000,1
a0507,1711787280000,sell,70007.5,0.01,1711787310000,1
b0508,1711787340000,buy,70000.0,0.01,1711787370000,1
a0508,1711787340000,sell,70000.1,0.01,1711787370000,1
b0509,1711787400000,buy,70000.0,0.01,1711787430000,1
a0509,1711787400000,sell,70000.1,0.01,1711787430000,0
b0510,1711787460000,buy,69987.0,0.01,1711787490000,1
a0510,1711787460000,sell,69987.1,0.01,1711787490000,1
b0511,1711787520000,buy,69958.2,0.01,1711787550000,1
a0511,1711787520000,sell,69958.3,0.01,1711787550000,1
b0512,1711787580000,buy,69959.0,0.01,1711787610000,1
a0512,1711787580000,sell,69959.1,0.01,1711787610000,1
b0513,1711787640000,buy,69964.5,0.01,1711787670000,1
a0513,1711787640000,sell,69964.6,0.01,1711787670000,1
b0514,1711787700000,buy,69980.7,0.01,1711787730000,1
a0514,1711787700000,sell,69980.8,0.01,1711787730000,1
b0515,1711787760000,buy,69964.7,0.01,1711787790000,1
a0515,1711787760000,sell,69964.8,0.01,1711787790000,1
b0516,1711787820000,buy,69960.0,0.01,1711787850000,1
a0516,1711787820000,sell,69960.1,0.01,1711787850000,1
b0517,1711787880000,buy,69964.0,0.01,1711787910000,1
a0517,1711787880000,sell,69964.1,0.01,1711787910000,1
b0518,1711787940000,buy,69954.7,0.01,1711787970000,1
a0518,1711787940000,sell,69954.8,0.01,1711787970000,1
b0519,1711788000000,buy,69940.0,0.01,1711788030000,1
a0519,1711788000000,sell,69940.1,0.01,1711788030000,1
b0520,1711788060000,buy,69933.0,0.01,1711788090000,1
a0520,1711788060000,sell,69933.1,0.01,1711788090000,1
b0521,1711788120000,buy,69902.1,0.01,1711788150000,1
a0521,1711788120000,sell,69902.2,0.01,1711788150000,1
b0522,1711788180000,buy,69921.6,0.01,1711788210000,1
a0522,1711788180000,sell,69921.7,0.01,1711788210000,1
b0523,1711788240000,buy,69892.8,0.01,1711788270000,1
a0523,1711788240000,sell,69892.9,0.01,1711788270000,1
b0524,1711788300000,buy,69922.2,0.01,1711788330000,1
a0524,1711788300000,sell,69922.3,0.01,1711788330000,1
b0525,1711788360000,buy,69879.9,0.01,1711788390000,1
a0525,1711788360000,sell,69880.0,0.01,1711788390000,1
b0526,1711788420000,buy,69881.1,0.01,1711788450000,1
a0526,1711788420000,sell,69881.2,0.01,1711788450000,1
b0527,1711788480000,buy,69886.4,0.01,1711788510000,1
a0527,1711788480000,sell,69886.5,0.01,1711788510000,1
b0528,1711788540000,buy,69877.9,0.01,1711788570000,1
a0528,1711788540000,sell,69878.0,0.01,1711788570000,1
b0529,1711788600000,buy,69922.9,0.01,1711788630000,1
a0529,1711788600000,sell,69923.0,0.01,1711788630000,1
b0530,1711788660000,buy,69961.9,0.01,1711788690000,0
a0530,1711788660000,sell,69962.0,0.01,1711788690000,1
b0531,1711788720000,buy,69971.4,0.01,1711788750000,1
a0531,1711788720000,sell,69971.5,0.01,1711788750000,1
b0532,1711788780000,buy,70004.1,0.01,1711788810000,1
a0532,1711788780000,sell,70004.2,0.01,1711788810000,1
b0533,1711788840000,buy,70009.9,0.01,1711788870000,1
a0533,1711788840000,sell,70010.0,0.01,1711788870000,1
b0534,1711788900000,buy,70034.9,0.01,1711788930000,1
a0534,1711788900000,sell,70035.0,0.01,1711788930000,1
b0535,1711788960000,buy,70052.9,0.01,1711788990000,1
a0535,1711788960000,sell,70053.0,0.01,1711788990000,0
b0536,1711789020000,buy,70021.5,0.01,1711789050000,1
a0536,1711789020000,sell,70021.6,0.01,1711789050000,1
b0537,1711789080000,buy,70017.6,0.01,1711789110000,1
a0537,1711789080000,sell,70017.7,0.01,1711789110000,1
b0538,1711789140000,buy,70035.8,0.01,1711789170000,1
a0538,1711789140000,sell,70035.9,0.01,1711789170000,0
b0539,1711789200000,buy,70027.9,0.01,1711789230000,1
a0539,1711789200000,sell,70028.0,0.01,1711789230000,1
b0540,1711789260000,buy,70028.4,0.01,1711789290000,1
a0540,1711789260000,sell,70028.5,0.01,1711789290000,1
b0541,1711789320000,buy,70008.0,0.01,1711789350000,1
a0541,1711789320000,sell,70008.1,0.01,1711789350000,1
b0542,1711789380000,buy,69980.0,0.01,1711789410000,1
a0542,1711789380000,sell,69980.1,0.01,1711789410000,0
b0543,1711789440000,buy,70000.4,0.01,1711789470000,1
a0543,1711789440000,sell,70000.5,0.01,1711789470000,1
b0544,1711789500000,buy,70000.0,0.01,1711789530000,1
a0544,1711789500000,sell,70000.1,0.01,1711789530000,1
b0545,1711789560000,buy,70000.0,0.01,1711789590000,1
a0545,1711789560000,sell,70000.1,0.01,1711789590000,1
b0546,1711789620000,buy,69996.1,0.01,1711789650000,1
a0546,1711789620000,sell,69996.2,0.01,1711789650000,1
b0547,1711789680000,buy,70004.9,0.01,1711789710000,1
a0547,1711789680000,sell,70005.0,0.01,1711789710000,1
b0548,1711789740000,buy,70002.6,0.01,1711789770000,0
a0548,1711789740000,sell,70002.7,0.01,1711789770000,1
b0549,1711789800000,buy,70039.8,0.01,1711789830000,1
a0549,1711789800000,sell,70039.9,0.01,1711789830000,1
b0550,1711789860000,buy,70023.0,0.01,1711789890000,1
a0550,1711789860000,sell,70023.1,0.01,1711789890000,1
b0551,1711789920000,buy,70054.1,0.01,1711789950000,1
a0551,1711789920000,sell,70054.2,0.01,1711789950000,1
b0552,1711789980000,buy,70057.8,0.01,1711790010000,1
a0552,1711789980000,sell,70057.9,0.01,1711790010000,0
b0553,1711790040000,buy,70048.8,0.01,1711790070000,1
a0553,1711790040000,sell,70048.9,0.01,1711790070000,1
b0554,1711790100000,buy,70048.9,0.01,1711790130000,1
a0554,1711790100000,sell,70049.0,0.01,1711790130000,1
b0555,1711790160000,buy,70069.9,0.01,1711790190000,1
a0555,1711790160000,sell,70070.0,0.01,1711790190000,1
b0556,1711790220000,buy,70090.9,0.01,1711790250000,1
a0556,1711790220000,sell,70091.0,0.01,1711790250000,1
b0557,1711790280000,buy,70129.9,0.01,1711790310000,1
a0557,1711790280000,sell,70130.0,0.01,1711790310000,1
b0558,1711790340000,buy,70186.6,0.01,1711790370000,1
a0558,1711790340000,sell,70186.7,0.01,1711790370000,1
b0559,1711790400000,buy,70160.2,0.01,1711790430000,1
a0559,1711790400000,sell,70160.3,0.01,1711790430000,1
b0560,1711790460000,buy,70160.2,0.01,1711790490000,1
a0560,1711790460000,sell,70160.3,0.01,1711790490000,1
b0561,1711790520000,buy,70220.1,0.01,1711790550000,1
a0561,1711790520000,sell,70220.2,0.01,1711790550000,1
b0562,1711790580000,buy,70179.9,0.01,1711790610000,1
a0562,1711790580000,sell,70180.0,0.01,1711790610000,1
b0563,1711790640000,buy,70164.1,0.01,1711790670000,1
a0563,1711790640000,sell,70164.2,0.01,1711790670000,0
b0564,1711790700000,buy,70174.9,0.01,1711790730000,1
a0564,1711790700000,sell,70175.0,0.01,1711790730000,1
b0565,1711790760000,buy,70174.9,0.01,1711790790000,1
a0565,1711790760000,sell,70175.0,0.01,1711790790000,0
b0566,1711790820000,buy,70168.6,0.01,1711790850000,1
a0566,1711790820000,sell,70168.7,0.01,1711790850000,0
b0567,1711790880000,buy,70167.0,0.01,1711790910000,1
a0567,1711790880000,sell,70167.1,0.01,1711790910000,0
b0568,1711790940000,buy,70135.4,0.01,1711790970000,1
a0568,1711790940000,sell,70135.5,0.01,1711790970000,1
b0569,1711791000000,buy,70138.0,0.01,1711791030000,1
a0569,1711791000000,sell,70138.1,0.01,1711791030000,1
b0570,1711791060000,buy,70137.2,0.01,1711791090000,1
a0570,1711791060000,sell,70137.3,0.01,1711791090000,1
b0571,1711791120000,buy,70149.5,0.01,1711791150000,1
a0571,1711791120000,sell,70149.6,0.01,1711791150000,1
b0572,1711791180000,buy,70149.8,0.01,1711791210000,1
a0572,1711791180000,sell,70149.9,0.01,1711791210000,1
b0573,1711791240000,buy,70134.9,0.01,1711791270000,1
a0573,1711791240000,sell,70135.0,0.01,1711791270000,1
b0574,1711791300000,buy,70134.7,0.01,1711791330000,1
a0574,1711791300000,sell,70134.8,0.01,1711791330000,1
b0575,1711791360000,buy,70131.0,0.01,1711791390000,1
a0575,1711791360000,sell,70131.1,0.01,1711791390000,1
b0576,1711791420000,buy,70114.3,0.01,1711791450000,1
a0576,1711791420000,sell,70114.4,0.01,1711791450000,1
b0577,1711791480000,buy,70114.3,0.01,1711791510000,1
a0577,1711791480000,sell,70114.4,0.01,1711791510000,1
b0578,1711791540000,buy,70127.8,0.01,1711791570000,1
a0578,1711791540000,sell,70128.3,0.01,1711791570000,1
b0579,1711791600000,buy,70117.6,0.01,1711791630000,1
a0579,1711791600000,sell,70117.7,0.01,1711791630000,1
b0580,1711791660000,buy,70136.9,0.01,1711791690000,1
a0580,1711791660000,sell,70137.0,0.01,1711791690000,1
b0581,1711791720000,buy,70184.9,0.01,1711791750000,1
a0581,1711791720000,sell,70185.0,0.01,1711791750000,1
b0582,1711791780000,buy,70174.5,0.01,1711791810000,1
a0582,1711791780000,sell,70174.6,0.01,1711791810000,1
b0583,1711791840000,buy,70150.0,0.01,1711791870000,1
a0583,1711791840000,sell,70150.1,0.01,1711791870000,1
b0584,1711791900000,buy,70153.6,0.01,1711791930000,1
a0584,1711791900000,sell,70153.7,0.01,1711791930000,1
b0585,1711791960000,buy,70127.8,0.01,1711791990000,1
a0585,1711791960000,sell,70127.9,0.01,1711791990000,1
b0586,1711792020000,buy,70119.2,0.01,1711792050000,1
a0586,1711792020000,sell,70119.3,0.01,1711792050000,1
b0587,1711792080000,buy,70091.1,0.01,1711792110000,1
a0587,1711792080000,sell,70091.2,0.01,1711792110000,1
b0588,1711792140000,buy,70103.1,0.01,1711792170000,1
a0588,1711792140000,sell,70103.2,0.01,1711792170000,1
b0589,1711792200000,buy,70092.0,0.01,1711792230000,1
a0589,1711792200000,sell,70092.1,0.01,1711792230000,1
b0590,1711792260000,buy,70094.6,0.01,1711792290000,1
a0590,1711792260000,sell,70094.7,0.01,1711792290000,1
b0591,1711792320000,buy,70104.3,0.01,1711792350000,1
a0591,1711792320000,sell,70104.4,0.01,1711792350000,1
b0592,1711792380000,buy,70067.1,0.01,1711792410000,1
a0592,1711792380000,sell,70067.2,0.01,1711792410000,1
b0593,1711792440000,buy,70063.2,0.01,1711792470000,1
a0593,1711792440000,sell,70063.3,0.01,1711792470000,1
b0594,1711792500000,buy,70075.1,0.01,1711792530000,1
a0594,1711792500000,sell,70075.2,0.01,1711792530000,1
b0595,1711792560000,buy,70092.9,0.01,1711792590000,1
a0595,1711792560000,sell,70093.0,0.01,1711792590000,1
b0596,1711792620000,buy,70086.6,0.01,1711792650000,1
a0596,1711792620000,sell,70086.7,0.01,1711792650000,1
b0597,1711792680000,buy,70083.2,0.01,1711792710000,1
a0597,1711792680000,sell,70083.3,0.01,1711792710000,1
b0598,1711792740000,buy,70078.2,0.01,1711792770000,1
a0598,1711792740000,sell,70078.3,0.01,1711792770000,1
b0599,1711792800000,buy,70075.2,0.01,1711792830000,1
a0599,1711792800000,sell,70075.3,0.01,1711792830000,1
b0600,1711792860000,buy,70091.9,0.01,1711792890000,1
a0600,1711792860000,sell,70092.0,0.01,1711792890000,1
b0601,1711792920000,buy,70092.9,0.01,1711792950000,1
a0601,1711792920000,sell,70093.0,0.01,1711792950000,1
b0602,1711792980000,buy,70092.9,0.01,1711793010000,1
a0602,1711792980000,sell,70093.0,0.01,1711793010000,1
b0603,1711793040000,buy,70050.0,0.01,1711793070000,1
a0603,1711793040000,sell,70050.1,0.01,1711793070000,1
b0604,1711793100000,buy,70041.9,0.01,1711793130000,1
a0604,1711793100000,sell,70042.0,0.01,1711793130000,1
b0605,1711793160000,buy,70062.9,0.01,1711793190000,1
a0605,1711793160000,sell,70063.0,0.01,1711793190000,1
b0606,1711793220000,buy,70066.9,0.01,1711793250000,1
a0606,1711793220000,sell,70067.0,0.01,1711793250000,1
b0607,1711793280000,buy,70070.0,0.01,1711793310000,1
a0607,1711793280000,sell,70070.1,0.01,1711793310000,1
b0608,1711793340000,buy,70056.4,0.01,1711793370000,1
a0608,1711793340000,sell,70056.5,0.01,1711793370000,1
b0609,1711793400000,buy,70050.0,0.01,1711793430000,1
a0609,1711793400000,sell,70050.1,0.01,1711793430000,1
b0610,1711793460000,buy,70060.0,0.01,1711793490000,1
a0610,1711793460000,sell,70060.1,0.01,1711793490000,1
b0611,1711793520000,buy,70044.9,0.01,1711793550000,1
a0611,1711793520000,sell,70045.0,0.01,1711793550000,1
b0612,1711793580000,buy,70049.8,0.01,1711793610000,1
a0612,1711793580000,sell,70049.9,0.01,1711793610000,1
b0613,1711793640000,buy,70030.0,0.01,1711793670000,1
a0613,1711793640000,sell,70030.1,0.01,1711793670000,1
b0614,1711793700000,buy,70035.8,0.01,1711793730000,1
a0614,1711793700000,sell,70035.9,0.01,1711793730000,1
b0615,1711793760000,buy,70035.9,0.01,1711793790000,1
a0615,1711793760000,sell,70036.0,0.01,1711793790000,1
b0616,1711793820000,buy,70030.1,0.01,1711793850000,1
a0616,1711793820000,sell,70030.2,0.01,1711793850000,1
b0617,1711793880000,buy,70025.9,0.01,1711793910000,1
a0617,1711793880000,sell,70026.0,0.01,1711793910000,1
b0618,1711793940000,buy,70046.6,0.01,1711793970000,0
a0618,1711793940000,sell,70046.7,0.01,1711793970000,1
b0619,1711794000000,buy,70063.8,0.01,1711794030000,1
a0619,1711794000000,sell,70063.9,0.01,1711794030000,1
b0620,1711794060000,buy,70064.9,0.01,1711794090000,1
a0620,1711794060000,sell,70065.0,0.01,1711794090000,1
b0621,1711794120000,buy,70072.9,0.01,1711794150000,1
a0621,1711794120000,sell,70073.0,0.01,1711794150000,1
b0622,1711794180000,buy,70082.7,0.01,1711794210000,1
a0622,1711794180000,sell,70082.8,0.01,1711794210000,1
b0623,1711794240000,buy,70082.7,0.01,1711794270000,1
a0623,1711794240000,sell,70082.8,0.01,1711794270000,1
b0624,1711794300000,buy,70082.8,0.01,1711794330000,1
a0624,1711794300000,sell,70082.9,0.01,1711794330000,1
b0625,1711794360000,buy,70093.2,0.01,1711794390000,1
a0625,1711794360000,sell,70093.3,0.01,1711794390000,1
b0626,1711794420000,buy,70091.0,0.01,1711794450000,1
a0626,1711794420000,sell,70091.1,0.01,1711794450000,1
b0627,1711794480000,buy,70103.9,0.01,1711794510000,1
a0627,1711794480000,sell,70104.0,0.01,1711794510000,1
b0628,1711794540000,buy,70088.8,0.01,1711794570000,1
a0628,1711794540000,sell,70088.9,0.01,1711794570000,1
b0629,1711794600000,buy,70097.5,0.01,1711794630000,1
a0629,1711794600000,sell,70097.6,0.01,1711794630000,1
b0630,1711794660000,buy,70095.1,0.01,1711794690000,1
a0630,1711794660000,sell,70095.2,0.01,1711794690000,1
b0631,1711794720000,buy,70123.9,0.01,1711794750000,1
a0631,1711794720000,sell,70124.0,0.01,1711794750000,1
b0632,1711794780000,buy,70138.5,0.01,1711794810000,1
a0632,1711794780000,sell,70138.6,0.01,1711794810000,0
b0633,1711794840000,buy,70138.5,0.01,1711794870000,1
a0633,1711794840000,sell,70138.6,0.01,1711794870000,1
b0634,1711794900000,buy,70143.7,0.01,1711794930000,1
a0634,1711794900000,sell,70143.8,0.01,1711794930000,1
b0635,1711794960000,buy,70114.3,0.01,1711794990000,1
a0635,1711794960000,sell,70114.4,0.01,1711794990000,0
b0636,1711795020000,buy,70105.2,0.01,1711795050000,1
a0636,1711795020000,sell,70105.3,0.01,1711795050000,1
b0637,1711795080000,buy,70109.9,0.01,1711795110000,1
a0637,1711795080000,sell,70110.0,0.01,1711795110000,1
b0638,1711795140000,buy,70148.2,0.01,1711795170000,1
a0638,1711795140000,sell,70148.3,0.01,1711795170000,1
b0639,1711795200000,buy,70177.5,0.01,1711795230000,1
a0639,1711795200000,sell,70177.6,0.01,1711795230000,1
b0640,1711795260000,buy,70142.8,0.01,1711795290000,1
a0640,1711795260000,sell,70142.9,0.01,1711795290000,1
b0641,1711795320000,buy,70131.0,0.01,1711795350000,1
a0641,1711795320000,sell,70131.1,0.01,1711795350000,1
b0642,1711795380000,buy,70128.0,0.01,1711795410000,1
a0642,1711795380000,sell,70128.1,0.01,1711795410000,1
b0643,1711795440000,buy,70122.4,0.01,1711795470000,1
a0643,1711795440000,sell,70122.5,0.01,1711795470000,1
b0644,1711795500000,buy,70092.3,0.01,1711795530000,1
a0644,1711795500000,sell,70092.4,0.01,1711795530000,1
b0645,1711795560000,buy,70057.1,0.01,1711795590000,1
a0645,1711795560000,sell,70057.2,0.01,1711795590000,1
b0646,1711795620000,buy,70033.5,0.01,1711795650000,1
a0646,1711795620000,sell,70033.6,0.01,1711795650000,1
b0647,1711795680000,buy,70063.2,0.01,1711795710000,1
a0647,1711795680000,sell,70063.3,0.01,1711795710000,1
b0648,1711795740000,buy,70063.9,0.01,1711795770000,1
a0648,1711795740000,sell,70064.0,0.01,1711795770000,1
b0649,1711795800000,buy,70059.6,0.01,1711795830000,0
a0649,1711795800000,sell,70059.7,0.01,1711795830000,1
b0650,1711795860000,buy,70099.9,0.01,1711795890000,1
a0650,1711795860000,sell,70100.0,0.01,1711795890000,1
b0651,1711795920000,buy,70088.0,0.01,1711795950000,1
a0651,1711795920000,sell,70088.1,0.01,1711795950000,1
b0652,1711795980000,buy,70099.8,0.01,1711796010000,1
a0652,1711795980000,sell,70099.9,0.01,1711796010000,1
b0653,1711796040000,buy,70088.4,0.01,1711796070000,1
a0653,1711796040000,sell,70088.5,0.01,1711796070000,1
b0654,1711796100000,buy,70100.0,0.01,1711796130000,1
a0654,1711796100000,sell,70100.1,0.01,1711796130000,1
b0655,1711796160000,buy,70106.9,0.01,1711796190000,1
a0655,1711796160000,sell,70107.0,0.01,1711796190000,1
b0656,1711796220000,buy,70069.0,0.01,1711796250000,1
a0656,1711796220000,sell,70069.1,0.01,1711796250000,1
b0657,1711796280000,buy,70082.9,0.01,1711796310000,1
a0657,1711796280000,sell,70083.0,0.01,1711796310000,1
b0658,1711796340000,buy,70081.9,0.01,1711796370000,1
a0658,1711796340000,sell,70082.0,0.01,1711796370000,1
b0659,1711796400000,buy,70095.9,0.01,1711796430000,1
a0659,1711796400000,sell,70096.0,0.01,1711796430000,1
b0660,1711796460000,buy,70130.4,0.01,1711796490000,1
a0660,1711796460000,sell,70130.5,0.01,1711796490000,1
b0661,1711796520000,buy,70155.9,0.01,1711796550000,1
a0661,1711796520000,sell,70156.0,0.01,1711796550000,1
b0662,1711796580000,buy,70159.2,0.01,1711796610000,1
a0662,1711796580000,sell,70159.3,0.01,1711796610000,1
b0663,1711796640000,buy,70160.9,0.01,1711796670000,1
a0663,1711796640000,sell,70161.0,0.01,1711796670000,1
b0664,1711796700000,buy,70165.8,0.01,1711796730000,1
a0664,1711796700000,sell,70165.9,0.01,1711796730000,1
b0665,1711796760000,buy,70175.7,0.01,1711796790000,1
a0665,1711796760000,sell,70175.8,0.01,1711796790000,1
b0666,1711796820000,buy,70164.1,0.01,1711796850000,1
a0666,1711796820000,sell,70164.2,0.01,1711796850000,1
b0667,1711796880000,buy,70180.9,0.01,1711796910000,1
a0667,1711796880000,sell,70181.0,0.01,1711796910000,1
b0668,1711796940000,buy,70170.6,0.01,1711796970000,1
a0668,1711796940000,sell,70170.7,0.01,1711796970000,1
b0669,1711797000000,buy,70164.1,0.01,1711797030000,1
a0669,1711797000000,sell,70164.2,0.01,1711797030000,1
b0670,1711797060000,buy,70175.2,0.01,1711797090000,1
a0670,1711797060000,sell,70175.3,0.01,1711797090000,1
b0671,1711797120000,buy,70176.8,0.01,1711797150000,1
a0671,1711797120000,sell,70176.9,0.01,1711797150000,1
b0672,1711797180000,buy,70170.0,0.01,1711797210000,1
a0672,1711797180000,sell,70170.1,0.01,1711797210000,1
b0673,1711797240000,buy,70170.0,0.01,1711797270000,1
a0673,1711797240000,sell,70170.1,0.01,1711797270000,1
b0674,1711797300000,buy,70134.7,0.01,1711797330000,1
a0674,1711797300000,sell,70134.8,0.01,1711797330000,1
b0675,1711797360000,buy,70120.8,0.01,1711797390000,0
a0675,1711797360000,sell,70120.9,0.01,1711797390000,1
b0676,1711797420000,buy,70156.3,0.01,1711797450000,1
a0676,1711797420000,sell,70156.4,0.01,1711797450000,1
b0677,1711797480000,buy,70169.9,0.01,1711797510000,1
a0677,1711797480000,sell,70170.0,0.01,1711797510000,1
b0678,1711797540000,buy,70157.1,0.01,1711797570000,1
a0678,1711797540000,sell,70157.2,0.01,1711797570000,0
b0679,1711797600000,buy,70142.8,0.01,1711797630000,1
a0679,1711797600000,sell,70142.9,0.01,1711797630000,1
b0680,1711797660000,buy,70130.1,0.01,1711797690000,1
a0680,1711797660000,sell,70130.2,0.01,1711797690000,1
b0681,1711797720000,buy,70129.4,0.01,1711797750000,1
a0681,1711797720000,sell,70129.5,0.01,1711797750000,1
b0682,1711797780000,buy,70118.8,0.01,1711797810000,1
a0682,1711797780000,sell,70118.9,0.01,1711797810000,1
b0683,1711797840000,buy,70125.7,0.01,1711797870000,1
a0683,1711797840000,sell,70125.8,0.01,1711797870000,1
b0684,1711797900000,buy,70120.8,0.01,1711797930000,1
a0684,1711797900000,sell,70120.9,0.01,1711797930000,1
b0685,1711797960000,buy,70168.9,0.01,1711797990000,1
a0685,1711797960000,sell,70169.0,0.01,1711797990000,1
b0686,1711798020000,buy,70153.9,0.01,1711798050000,1
a0686,1711798020000,sell,70154.0,0.01,1711798050000,1
b0687,1711798080000,buy,70159.4,0.01,1711798110000,1
a0687,1711798080000,sell,70159.5,0.01,1711798110000,1
b0688,1711798140000,buy,70167.9,0.01,1711798170000,1
a0688,1711798140000,sell,70168.0,0.01,1711798170000,1
b0689,1711798200000,buy,70137.9,0.01,1711798230000,0
a0689,1711798200000,sell,70138.0,0.01,1711798230000,1
b0690,1711798260000,buy,70164.2,0.01,1711798290000,0
a0690,1711798260000,sell,70164.3,0.01,1711798290000,1
b0691,1711798320000,buy,70169.4,0.01,1711798350000,1
a0691,1711798320000,sell,70169.5,0.01,1711798350000,1
b0692,1711798380000,buy,70186.0,0.01,1711798410000,1
a0692,1711798380000,sell,70186.1,0.01,1711798410000,1
b0693,1711798440000,buy,70184.0,0.01,1711798470000,1
a0693,1711798440000,sell,70184.1,0.01,1711798470000,1
b0694,1711798500000,buy,70207.9,0.01,1711798530000,1
a0694,1711798500000,sell,70208.0,0.01,1711798530000,1
b0695,1711798560000,buy,70221.9,0.01,1711798590000,1
a0695,1711798560000,sell,70222.0,0.01,1711798590000,1
b0696,1711798620000,buy,70217.6,0.01,1711798650000,1
a0696,1711798620000,sell,70217.7,0.01,1711798650000,1
b0697,1711798680000,buy,70229.9,0.01,1711798710000,1
a0697,1711798680000,sell,70230.0,0.01,1711798710000,1
b0698,1711798740000,buy,70234.7,0.01,1711798770000,1
a0698,1711798740000,sell,70234.8,0.01,1711798770000,1
b0699,1711798800000,buy,70224.5,0.01,1711798830000,1
a0699,1711798800000,sell,70224.6,0.01,1711798830000,1
b0700,1711798860000,buy,70202.5,0.01,1711798890000,1
a0700,1711798860000,sell,70202.6,0.01,1711798890000,1
b0701,1711798920000,buy,70189.0,0.01,1711798950000,1
a0701,1711798920000,sell,70189.1,0.01,1711798950000,1
b0702,1711798980000,buy,70155.7,0.01,1711799010000,1
a0702,1711798980000,sell,70155.8,0.01,1711799010000,1
b0703,1711799040000,buy,70168.4,0.01,1711799070000,1
a0703,1711799040000,sell,70168.5,0.01,1711799070000,1
b0704,1711799100000,buy,70178.4,0.01,1711799130000,1
a0704,1711799100000,sell,70178.5,0.01,1711799130000,0
b0705,1711799160000,buy,70204.8,0.01,1711799190000,1
a0705,1711799160000,sell,70204.9,0.01,1711799190000,1
b0706,1711799220000,buy,70207.9,0.01,1711799250000,1
a0706,1711799220000,sell,70208.0,0.01,1711799250000,1
b0707,1711799280000,buy,70195.7,0.01,1711799310000,1
a0707,1711799280000,sell,70195.8,0.01,1711799310000,1
b0708,1711799340000,buy,70193.5,0.01,1711799370000,1
a0708,1711799340000,sell,70193.6,0.01,1711799370000,1
b0709,1711799400000,buy,70153.9,0.01,1711799430000,1
a0709,1711799400000,sell,70154.0,0.01,1711799430000,1
b0710,1711799460000,buy,70192.1,0.01,1711799490000,1
a0710,1711799460000,sell,70192.2,0.01,1711799490000,1
b0711,1711799520000,buy,70226.9,0.01,1711799550000,1
a0711,1711799520000,sell,70227.0,0.01,1711799550000,1
b0712,1711799580000,buy,70210.8,0.01,1711799610000,1
a0712,1711799580000,sell,70210.9,0.01,1711799610000,1
b0713,1711799640000,buy,70218.4,0.01,1711799670000,1
a0713,1711799640000,sell,70218.5,0.01,1711799670000,1
b0714,1711799700000,buy,70206.6,0.01,1711799730000,1
a0714,1711799700000,sell,70206.7,0.01,1711799730000,1
b0715,1711799760000,buy,70202.0,0.01,1711799790000,1
a0715,1711799760000,sell,70202.1,0.01,1711799790000,1
b0716,1711799820000,buy,70218.4,0.01,1711799850000,1
a0716,1711799820000,sell,70218.5,0.01,1711799850000,1
b0717,1711799880000,buy,70231.9,0.01,1711799910000,1
a0717,1711799880000,sell,70232.0,0.01,1711799910000,1
b0718,1711799940000,buy,70239.6,0.01,1711799970000,1
a0718,1711799940000,sell,70239.7,0.01,1711799970000,1
b0719,1711800000000,buy,70237.1,0.01,1711800030000,1
a0719,1711800000000,sell,70237.2,0.01,1711800030000,1
b0720,1711800060000,buy,70279.6,0.01,1711800090000,1
a0720,1711800060000,sell,70279.7,0.01,1711800090000,1
b0721,1711800120000,buy,70244.7,0.01,1711800150000,1
a0721,1711800120000,sell,70244.8,0.01,1711800150000,1
b0722,1711800180000,buy,70230.4,0.01,1711800210000,1
a0722,1711800180000,sell,70230.5,0.01,1711800210000,1
b0723,1711800240000,buy,70240.7,0.01,1711800270000,1
a0723,1711800240000,sell,70240.8,0.01,1711800270000,1
b0724,1711800300000,buy,70175.5,0.01,1711800330000,1
a0724,1711800300000,sell,70175.6,0.01,1711800330000,1
b0725,1711800360000,buy,70211.3,0.01,1711800390000,1
a0725,1711800360000,sell,70211.4,0.01,1711800390000,1
b0726,1711800420000,buy,70228.1,0.01,1711800450000,1
a0726,1711800420000,sell,70228.2,0.01,1711800450000,1
b0727,1711800480000,buy,70208.3,0.01,1711800510000,1
a0727,1711800480000,sell,70208.4,0.01,1711800510000,1
b0728,1711800540000,buy,70190.7,0.01,1711800570000,1
a0728,1711800540000,sell,70190.8,0.01,1711800570000,1
b0729,1711800600000,buy,70174.6,0.01,1711800630000,1
a0729,1711800600000,sell,70174.7,0.01,1711800630000,1
b0730,1711800660000,buy,70189.0,0.01,1711800690000,1
a0730,1711800660000,sell,70189.1,0.01,1711800690000,1
b0731,1711800720000,buy,70204.7,0.01,1711800750000,1
a0731,1711800720000,sell,70204.8,0.01,1711800750000,1
b0732,1711800780000,buy,70197.1,0.01,1711800810000,1
a0732,1711800780000,sell,70197.2,0.01,1711800810000,1
b0733,1711800840000,buy,70223.9,0.01,1711800870000,1
a0733,1711800840000,sell,70224.0,0.01,1711800870000,1
b0734,1711800900000,buy,70198.9,0.01,1711800930000,1
a0734,1711800900000,sell,70199.0,0.01,1711800930000,1
b0735,1711800960000,buy,70239.9,0.01,1711800990000,0
a0735,1711800960000,sell,70240.0,0.01,1711800990000,1
b0736,1711801020000,buy,70254.1,0.01,1711801050000,1
a0736,1711801020000,sell,70254.2,0.01,1711801050000,1
b0737,1711801080000,buy,70241.2,0.01,1711801110000,1
a0737,1711801080000,sell,70241.3,0.01,1711801110000,1
b0738,1711801140000,buy,70237.4,0.01,1711801170000,1
a0738,1711801140000,sell,70237.5,0.01,1711801170000,1
b0739,1711801200000,buy,70228.7,0.01,1711801230000,1
a0739,1711801200000,sell,70228.8,0.01,1711801230000,0
b0740,1711801260000,buy,70209.6,0.01,1711801290000,1
a0740,1711801260000,sell,70209.7,0.01,1711801290000,1
b0741,1711801320000,buy,70159.3,0.01,1711801350000,1
a0741,1711801320000,sell,70159.4,0.01,1711801350000,1
b0742,1711801380000,buy,70170.3,0.01,1711801410000,1
a0742,1711801380000,sell,70170.4,0.01,1711801410000,1
b0743,1711801440000,buy,70172.0,0.01,1711801470000,1
a0743,1711801440000,sell,70172.1,0.01,1711801470000,1
b0744,1711801500000,buy,70174.3,0.01,1711801530000,1
a0744,1711801500000,sell,70174.4,0.01,1711801530000,1
b0745,1711801560000,buy,70164.5,0.01,1711801590000,0
a0745,1711801560000,sell,70164.6,0.01,1711801590000,1
b0746,1711801620000,buy,70165.7,0.01,1711801650000,1
a0746,1711801620000,sell,70165.8,0.01,1711801650000,1
b0747,1711801680000,buy,70152.7,0.01,1711801710000,1
a0747,1711801680000,sell,70152.8,0.01,1711801710000,1
b0748,1711801740000,buy,70144.0,0.01,1711801770000,1
a0748,1711801740000,sell,70144.1,0.01,1711801770000,1
b0749,1711801800000,buy,70179.0,0.01,1711801830000,0
a0749,1711801800000,sell,70179.1,0.01,1711801830000,1
b0750,1711801860000,buy,70222.9,0.01,1711801890000,1
a0750,1711801860000,sell,70223.0,0.01,1711801890000,1
b0751,1711801920000,buy,70205.6,0.01,1711801950000,1
a0751,1711801920000,sell,70205.7,0.01,1711801950000,1
b0752,1711801980000,buy,70203.2,0.01,1711802010000,1
a0752,1711801980000,sell,70203.3,0.01,1711802010000,1
b0753,1711802040000,buy,70180.1,0.01,1711802070000,1
a0753,1711802040000,sell,70180.2,0.01,1711802070000,1
b0754,1711802100000,buy,70180.4,0.01,1711802130000,1
a0754,1711802100000,sell,70180.5,0.01,1711802130000,1
b0755,1711802160000,buy,70182.5,0.01,1711802190000,1
a0755,1711802160000,sell,70182.6,0.01,1711802190000,1
b0756,1711802220000,buy,70181.7,0.01,1711802250000,1
a0756,1711802220000,sell,70181.8,0.01,1711802250000,1
b0757,1711802280000,buy,70185.8,0.01,1711802310000,1
a0757,1711802280000,sell,70185.9,0.01,1711802310000,1
b0758,1711802340000,buy,70199.9,0.01,1711802370000,1
a0758,1711802340000,sell,70200.0,0.01,1711802370000,1
b0759,1711802400000,buy,70188.9,0.01,1711802430000,1
a0759,1711802400000,sell,70189.0,0.01,1711802430000,1
b0760,1711802460000,buy,70198.2,0.01,1711802490000,1
a0760,1711802460000,sell,70198.3,0.01,1711802490000,1
b0761,1711802520000,buy,70199.9,0.01,1711802550000,1
a0761,1711802520000,sell,70200.0,0.01,1711802550000,1
b0762,1711802580000,buy,70229.9,0.01,1711802610000,1
a0762,1711802580000,sell,70230.0,0.01,1711802610000,1
b0763,1711802640000,buy,70233.7,0.01,1711802670000,1
a0763,1711802640000,sell,70233.8,0.01,1711802670000,1
b0764,1711802700000,buy,70224.6,0.01,1711802730000,1
a0764,1711802700000,sell,70224.7,0.01,1711802730000,1
b0765,1711802760000,buy,70234.9,0.01,1711802790000,1
a0765,1711802760000,sell,70235.0,0.01,1711802790000,1
b0766,1711802820000,buy,70255.9,0.01,1711802850000,1
a0766,1711802820000,sell,70256.0,0.01,1711802850000,1
b0767,1711802880000,buy,70265.8,0.01,1711802910000,1
a0767,1711802880000,sell,70265.9,0.01,1711802910000,1
b0768,1711802940000,buy,70255.2,0.01,1711802970000,1
a0768,1711802940000,sell,70255.3,0.01,1711802970000,1
b0769,1711803000000,buy,70233.2,0.01,1711803030000,1
a0769,1711803000000,sell,70233.3,0.01,1711803030000,1
b0770,1711803060000,buy,70233.3,0.01,1711803090000,1
a0770,1711803060000,sell,70233.4,0.01,1711803090000,1
b0771,1711803120000,buy,70222.0,0.01,1711803150000,1
a0771,1711803120000,sell,70222.1,0.01,1711803150000,1
b0772,1711803180000,buy,70219.9,0.01,1711803210000,1
a0772,1711803180000,sell,70220.0,0.01,1711803210000,1
b0773,1711803240000,buy,70244.9,0.01,1711803270000,1
a0773,1711803240000,sell,70245.0,0.01,1711803270000,1
b0774,1711803300000,buy,70222.8,0.01,1711803330000,1
a0774,1711803300000,sell,70222.9,0.01,1711803330000,1
b0775,1711803360000,buy,70219.9,0.01,1711803390000,1
a0775,1711803360000,sell,70220.0,0.01,1711803390000,1
b0776,1711803420000,buy,70255.4,0.01,1711803450000,1
a0776,1711803420000,sell,70255.5,0.01,1711803450000,1
b0777,1711803480000,buy,70252.7,0.01,1711803510000,1
a0777,1711803480000,sell,70252.8,0.01,1711803510000,0
b0778,1711803540000,buy,70273.6,0.01,1711803570000,1
a0778,1711803540000,sell,70273.7,0.01,1711803570000,1
b0779,1711803600000,buy,70279.9,0.01,1711803630000,1
a0779,1711803600000,sell,70280.0,0.01,1711803630000,1
b0780,1711803660000,buy,70284.9,0.01,1711803690000,1
a0780,1711803660000,sell,70285.0,0.01,1711803690000,1
b0781,1711803720000,buy,70299.9,0.01,1711803750000,1
a0781,1711803720000,sell,70300.0,0.01,1711803750000,1
b0782,1711803780000,buy,70246.5,0.01,1711803810000,1
a0782,1711803780000,sell,70246.6,0.01,1711803810000,1
b0783,1711803840000,buy,70276.8,0.01,1711803870000,1
a0783,1711803840000,sell,70276.9,0.01,1711803870000,1
b0784,1711803900000,buy,70256.2,0.01,1711803930000,1
a0784,1711803900000,sell,70256.3,0.01,1711803930000,1
b0785,1711803960000,buy,70256.5,0.01,1711803990000,1
a0785,1711803960000,sell,70256.6,0.01,1711803990000,1
b0786,1711804020000,buy,70282.8,0.01,1711804050000,0
a0786,1711804020000,sell,70282.9,0.01,1711804050000,1
b0787,1711804080000,buy,70261.8,0.01,1711804110000,1
a0787,1711804080000,sell,70261.9,0.01,1711804110000,1
b0788,1711804140000,buy,70279.9,0.01,1711804170000,1
a0788,1711804140000,sell,70280.0,0.01,1711804170000,1
b0789,1711804200000,buy,70293.0,0.01,1711804230000,1
a0789,1711804200000,sell,70293.1,0.01,1711804230000,1
b0790,1711804260000,buy,70294.9,0.01,1711804290000,1
a0790,1711804260000,sell,70295.0,0.01,1711804290000,1
b0791,1711804320000,buy,70259.5,0.01,1711804350000,1
a0791,1711804320000,sell,70259.6,0.01,1711804350000,1
b0792,1711804380000,buy,70248.8,0.01,1711804410000,1
a0792,1711804380000,sell,70248.9,0.01,1711804410000,1
b0793,1711804440000,buy,70239.7,0.01,1711804470000,1
a0793,1711804440000,sell,70239.8,0.01,1711804470000,1
b0794,1711804500000,buy,70219.7,0.01,1711804530000,1
a0794,1711804500000,sell,70219.8,0.01,1711804530000,1
b0795,1711804560000,buy,70259.7,0.01,1711804590000,1
a0795,1711804560000,sell,70259.8,0.01,1711804590000,1
b0796,1711804620000,buy,70276.9,0.01,1711804650000,1
a0796,1711804620000,sell,70277.0,0.01,1711804650000,1
b0797,1711804680000,buy,70293.0,0.01,1711804710000,1
a0797,1711804680000,sell,70293.1,0.01,1711804710000,1
b0798,1711804740000,buy,70275.1,0.01,1711804770000,1
a0798,1711804740000,sell,70275.2,0.01,1711804770000,1
b0799,1711804800000,buy,70284.4,0.01,1711804830000,1
a0799,1711804800000,sell,70284.5,0.01,1711804830000,1
b0800,1711804860000,buy,70260.0,0.01,1711804890000,1
a0800,1711804860000,sell,70260.1,0.01,1711804890000,1
b0801,1711804920000,buy,70272.6,0.01,1711804950000,1
a0801,1711804920000,sell,70272.7,0.01,1711804950000,0
b0802,1711804980000,buy,70254.2,0.01,1711805010000,1
a0802,1711804980000,sell,70254.3,0.01,1711805010000,1
b0803,1711805040000,buy,70269.9,0.01,1711805070000,1
a0803,1711805040000,sell,70270.0,0.01,1711805070000,1
b0804,1711805100000,buy,70244.0,0.01,1711805130000,1
a0804,1711805100000,sell,70244.1,0.01,1711805130000,1
b0805,1711805160000,buy,70261.8,0.01,1711805190000,1
a0805,1711805160000,sell,70261.9,0.01,1711805190000,1
b0806,1711805220000,buy,70242.8,0.01,1711805250000,1
a0806,1711805220000,sell,70242.9,0.01,1711805250000,1
b0807,1711805280000,buy,70244.0,0.01,1711805310000,1
a0807,1711805280000,sell,70244.1,0.01,1711805310000,1
b0808,1711805340000,buy,70227.9,0.01,1711805370000,1
a0808,1711805340000,sell,70228.0,0.01,1711805370000,1
b0809,1711805400000,buy,70214.1,0.01,1711805430000,1
a0809,1711805400000,sell,70214.2,0.01,1711805430000,1
b0810,1711805460000,buy,70179.9,0.01,1711805490000,1
a0810,1711805460000,sell,70180.0,0.01,1711805490000,1
b0811,1711805520000,buy,70123.0,0.01,1711805550000,0
a0811,1711805520000,sell,70123.1,0.01,1711805550000,1
b0812,1711805580000,buy,70145.2,0.01,1711805610000,1
a0812,1711805580000,sell,70145.3,0.01,1711805610000,1
b0813,1711805640000,buy,70148.3,0.01,1711805670000,1
a0813,1711805640000,sell,70148.4,0.01,1711805670000,1
b0814,1711805700000,buy,70141.9,0.01,1711805730000,1
a0814,1711805700000,sell,70142.0,0.01,1711805730000,1
b0815,1711805760000,buy,70166.9,0.01,1711805790000,1
a0815,1711805760000,sell,70167.0,0.01,1711805790000,1
b0816,1711805820000,buy,70165.1,0.01,1711805850000,1
a0816,1711805820000,sell,70165.2,0.01,1711805850000,1
b0817,1711805880000,buy,70169.9,0.01,1711805910000,1
a0817,1711805880000,sell,70170.0,0.01,1711805910000,1
b0818,1711805940000,buy,70197.4,0.01,1711805970000,1
a0818,1711805940000,sell,70197.5,0.01,1711805970000,1
b0819,1711806000000,buy,70211.4,0.01,1711806030000,1
a0819,1711806000000,sell,70211.5,0.01,1711806030000,1
b0820,1711806060000,buy,70236.0,0.01,1711806090000,1
a0820,1711806060000,sell,70236.1,0.01,1711806090000,1
b0821,1711806120000,buy,70240.4,0.01,1711806150000,1
a0821,1711806120000,sell,70240.5,0.01,1711806150000,1
b0822,1711806180000,buy,70220.6,0.01,1711806210000,1
a0822,1711806180000,sell,70220.7,0.01,1711806210000,0
b0823,1711806240000,buy,70220.6,0.01,1711806270000,1
a0823,1711806240000,sell,70220.7,0.01,1711806270000,1
b0824,1711806300000,buy,70200.0,0.01,1711806330000,1
a0824,1711806300000,sell,70200.1,0.01,1711806330000,1
b0825,1711806360000,buy,70201.4,0.01,1711806390000,1
a0825,1711806360000,sell,70201.5,0.01,1711806390000,1
b0826,1711806420000,buy,70201.9,0.01,1711806450000,1
a0826,1711806420000,sell,70202.0,0.01,1711806450000,1
b0827,1711806480000,buy,70170.6,0.01,1711806510000,1
a0827,1711806480000,sell,70170.7,0.01,1711806510000,1
b0828,1711806540000,buy,70204.9,0.01,1711806570000,1
a0828,1711806540000,sell,70205.0,0.01,1711806570000,1
b0829,1711806600000,buy,70192.5,0.01,1711806630000,1
a0829,1711806600000,sell,70192.6,0.01,1711806630000,1
b0830,1711806660000,buy,70184.8,0.01,1711806690000,0
a0830,1711806660000,sell,70184.9,0.01,1711806690000,1
b0831,1711806720000,buy,70194.7,0.01,1711806750000,1
a0831,1711806720000,sell,70194.8,0.01,1711806750000,1
b0832,1711806780000,buy,70208.6,0.01,1711806810000,1
a0832,1711806780000,sell,70208.7,0.01,1711806810000,1
b0833,1711806840000,buy,70216.9,0.01,1711806870000,1
a0833,1711806840000,sell,70217.0,0.01,1711806870000,1
b0834,1711806900000,buy,70188.8,0.01,1711806930000,1
a0834,1711806900000,sell,70188.9,0.01,1711806930000,1
b0835,1711806960000,buy,70196.0,0.01,1711806990000,1
a0835,1711806960000,sell,70196.1,0.01,1711806990000,1
b0836,1711807020000,buy,70201.2,0.01,1711807050000,1
a0836,1711807020000,sell,70201.3,0.01,1711807050000,1
b0837,1711807080000,buy,70219.9,0.01,1711807110000,1
a0837,1711807080000,sell,70220.0,0.01,1711807110000,1
b0838,1711807140000,buy,70208.3,0.01,1711807170000,1
a0838,1711807140000,sell,70208.4,0.01,1711807170000,1
b0839,1711807200000,buy,70213.3,0.01,1711807230000,1
a0839,1711807200000,sell,70213.4,0.01,1711807230000,1
b0840,1711807260000,buy,70229.9,0.01,1711807290000,1
a0840,1711807260000,sell,70230.0,0.01,1711807290000,1
b0841,1711807320000,buy,70209.2,0.01,1711807350000,1
a0841,1711807320000,sell,70209.3,0.01,1711807350000,1
b0842,1711807380000,buy,70236.0,0.01,1711807410000,1
a0842,1711807380000,sell,70236.1,0.01,1711807410000,1
b0843,1711807440000,buy,70237.4,0.01,1711807470000,1
a0843,1711807440000,sell,70237.5,0.01,1711807470000,0
b0844,1711807500000,buy,70237.4,0.01,1711807530000,1
a0844,1711807500000,sell,70237.5,0.01,1711807530000,1
b0845,1711807560000,buy,70204.2,0.01,1711807590000,1
a0845,1711807560000,sell,70204.3,0.01,1711807590000,1
b0846,1711807620000,buy,70181.6,0.01,1711807650000,1
a0846,1711807620000,sell,70181.7,0.01,1711807650000,1
b0847,1711807680000,buy,70188.2,0.01,1711807710000,1
a0847,1711807680000,sell,70188.3,0.01,1711807710000,1
b0848,1711807740000,buy,70181.2,0.01,1711807770000,1
a0848,1711807740000,sell,70181.3,0.01,1711807770000,1
b0849,1711807800000,buy,70171.1,0.01,1711807830000,1
a0849,1711807800000,sell,70171.2,0.01,1711807830000,1
b0850,1711807860000,buy,70172.8,0.01,1711807890000,1
a0850,1711807860000,sell,70172.9,0.01,1711807890000,1
b0851,1711807920000,buy,70172.8,0.01,1711807950000,1
a0851,1711807920000,sell,70172.9,0.01,1711807950000,1
b0852,1711807980000,buy,70175.6,0.01,1711808010000,1
a0852,1711807980000,sell,70175.7,0.01,1711808010000,1
b0853,1711808040000,buy,70167.0,0.01,1711808070000,1
a0853,1711808040000,sell,70167.1,0.01,1711808070000,1
b0854,1711808100000,buy,70161.1,0.01,1711808130000,0
a0854,1711808100000,sell,70161.2,0.01,1711808130000,1
b0855,1711808160000,buy,70176.9,0.01,1711808190000,1
a0855,1711808160000,sell,70177.0,0.01,1711808190000,1
b0856,1711808220000,buy,70182.0,0.01,1711808250000,1
a0856,1711808220000,sell,70182.1,0.01,1711808250000,1
b0857,1711808280000,buy,70213.2,0.01,1711808310000,1
a0857,1711808280000,sell,70213.3,0.01,1711808310000,1
b0858,1711808340000,buy,70223.4,0.01,1711808370000,1
a0858,1711808340000,sell,70223.5,0.01,1711808370000,1
b0859,1711808400000,buy,70228.6,0.01,1711808430000,1
a0859,1711808400000,sell,70228.7,0.01,1711808430000,1
b0860,1711808460000,buy,70235.2,0.01,1711808490000,1
a0860,1711808460000,sell,70235.3,0.01,1711808490000,1
b0861,1711808520000,buy,70219.9,0.01,1711808550000,1
a0861,1711808520000,sell,70220.0,0.01,1711808550000,1
b0862,1711808580000,buy,70218.9,0.01,1711808610000,1
a0862,1711808580000,sell,70219.0,0.01,1711808610000,1
b0863,1711808640000,buy,70219.8,0.01,1711808670000,1
a0863,1711808640000,sell,70219.9,0.01,1711808670000,1
b0864,1711808700000,buy,70217.0,0.01,1711808730000,1
a0864,1711808700000,sell,70217.1,0.01,1711808730000,0
b0865,1711808760000,buy,70183.8,0.01,1711808790000,1
a0865,1711808760000,sell,70183.9,0.01,1711808790000,1
b0866,1711808820000,buy,70192.5,0.01,1711808850000,1
a0866,1711808820000,sell,70192.6,0.01,1711808850000,1
b0867,1711808880000,buy,70188.9,0.01,1711808910000,1
a0867,1711808880000,sell,70189.0,0.01,1711808910000,1
b0868,1711808940000,buy,70195.2,0.01,1711808970000,1
a0868,1711808940000,sell,70195.3,0.01,1711808970000,0
b0869,1711809000000,buy,70190.9,0.01,1711809030000,1
a0869,1711809000000,sell,70191.0,0.01,1711809030000,1
b0870,1711809060000,buy,70182.2,0.01,1711809090000,0
a0870,1711809060000,sell,70182.3,0.01,1711809090000,1
b0871,1711809120000,buy,70190.6,0.01,1711809150000,1
a0871,1711809120000,sell,70190.7,0.01,1711809150000,1
b0872,1711809180000,buy,70207.2,0.01,1711809210000,1
a0872,1711809180000,sell,70207.3,0.01,1711809210000,1
b0873,1711809240000,buy,70198.6,0.01,1711809270000,1
a0873,1711809240000,sell,70198.7,0.01,1711809270000,1
b0874,1711809300000,buy,70177.0,0.01,1711809330000,1
a0874,1711809300000,sell,70177.1,0.01,1711809330000,1
b0875,1711809360000,buy,70176.8,0.01,1711809390000,1
a0875,1711809360000,sell,70176.9,0.01,1711809390000,1
b0876,1711809420000,buy,70212.9,0.01,1711809450000,1
a0876,1711809420000,sell,70213.0,0.01,1711809450000,1
b0877,1711809480000,buy,70220.9,0.01,1711809510000,1
a0877,1711809480000,sell,70221.0,0.01,1711809510000,1
b0878,1711809540000,buy,70190.0,0.01,1711809570000,1
a0878,1711809540000,sell,70190.1,0.01,1711809570000,1
b0879,1711809600000,buy,70154.5,0.01,1711809630000,1
a0879,1711809600000,sell,70154.6,0.01,1711809630000,1
b0880,1711809660000,buy,70101.7,0.01,1711809690000,1
a0880,1711809660000,sell,70101.8,0.01,1711809690000,1
b0881,1711809720000,buy,70071.2,0.01,1711809750000,1
a0881,1711809720000,sell,70071.3,0.01,1711809750000,1
b0882,1711809780000,buy,70060.0,0.01,1711809810000,1
a0882,1711809780000,sell,70060.1,0.01,1711809810000,1
b0883,1711809840000,buy,70066.5,0.01,1711809870000,1
a0883,1711809840000,sell,70066.6,0.01,1711809870000,1
b0884,1711809900000,buy,70096.1,0.01,1711809930000,1
a0884,1711809900000,sell,70096.2,0.01,1711809930000,1
b0885,1711809960000,buy,70140.0,0.01,1711809990000,1
a0885,1711809960000,sell,70140.1,0.01,1711809990000,1
b0886,1711810020000,buy,70124.3,0.01,1711810050000,1
a0886,1711810020000,sell,70124.4,0.01,1711810050000,0
b0887,1711810080000,buy,70102.4,0.01,1711810110000,1
a0887,1711810080000,sell,70102.5,0.01,1711810110000,1
b0888,1711810140000,buy,70070.0,0.01,1711810170000,1
a0888,1711810140000,sell,70070.1,0.01,1711810170000,1
b0889,1711810200000,buy,70054.9,0.01,1711810230000,1
a0889,1711810200000,sell,70055.0,0.01,1711810230000,1
b0890,1711810260000,buy,70045.8,0.01,1711810290000,1
a0890,1711810260000,sell,70045.9,0.01,1711810290000,1
b0891,1711810320000,buy,70065.9,0.01,1711810350000,1
a0891,1711810320000,sell,70066.0,0.01,1711810350000,1
b0892,1711810380000,buy,70083.0,0.01,1711810410000,1
a0892,1711810380000,sell,70083.1,0.01,1711810410000,1
b0893,1711810440000,buy,70068.9,0.01,1711810470000,1
a0893,1711810440000,sell,70069.0,0.01,1711810470000,1
b0894,1711810500000,buy,70097.9,0.01,1711810530000,1
a0894,1711810500000,sell,70098.0,0.01,1711810530000,1
b0895,1711810560000,buy,70101.8,0.01,1711810590000,1
a0895,1711810560000,sell,70101.9,0.01,1711810590000,1
b0896,1711810620000,buy,70097.9,0.01,1711810650000,1
a0896,1711810620000,sell,70098.0,0.01,1711810650000,1
b0897,1711810680000,buy,70104.9,0.01,1711810710000,1
a0897,1711810680000,sell,70105.0,0.01,1711810710000,1
b0898,1711810740000,buy,70100.7,0.01,1711810770000,1
a0898,1711810740000,sell,70100.8,0.01,1711810770000,1
b0899,1711810800000,buy,70090.0,0.01,1711810830000,1
a0899,1711810800000,sell,70090.1,0.01,1711810830000,1
b0900,1711810860000,buy,70123.9,0.01,1711810890000,1
a0900,1711810860000,sell,70124.0,0.01,1711810890000,1
b0901,1711810920000,buy,70124.4,0.01,1711810950000,1
a0901,1711810920000,sell,70124.5,0.01,1711810950000,1
b0902,1711810980000,buy,70146.8,0.01,1711811010000,1
a0902,1711810980000,sell,70146.9,0.01,1711811010000,1
b0903,1711811040000,buy,70153.7,0.01,1711811070000,1
a0903,1711811040000,sell,70153.8,0.01,1711811070000,1
b0904,1711811100000,buy,70109.9,0.01,1711811130000,1
a0904,1711811100000,sell,70110.0,0.01,1711811130000,1
b0905,1711811160000,buy,70120.0,0.01,1711811190000,1
a0905,1711811160000,sell,70120.1,0.01,1711811190000,1
b0906,1711811220000,buy,70159.4,0.01,1711811250000,1
a0906,1711811220000,sell,70159.5,0.01,1711811250000,1
b0907,1711811280000,buy,70173.7,0.01,1711811310000,1
a0907,1711811280000,sell,70173.8,0.01,1711811310000,1
b0908,1711811340000,buy,70192.3,0.01,1711811370000,1
a0908,1711811340000,sell,70192.4,0.01,1711811370000,1
b0909,1711811400000,buy,70185.5,0.01,1711811430000,1
a0909,1711811400000,sell,70185.6,0.01,1711811430000,1
b0910,1711811460000,buy,70190.9,0.01,1711811490000,1
a0910,1711811460000,sell,70191.0,0.01,1711811490000,1
b0911,1711811520000,buy,70178.0,0.01,1711811550000,0
a0911,1711811520000,sell,70178.1,0.01,1711811550000,1
b0912,1711811580000,buy,70174.6,0.01,1711811610000,1
a0912,1711811580000,sell,70174.7,0.01,1711811610000,1
b0913,1711811640000,buy,70146.6,0.01,1711811670000,1
a0913,1711811640000,sell,70146.7,0.01,1711811670000,1
b0914,1711811700000,buy,70141.1,0.01,1711811730000,1
a0914,1711811700000,sell,70141.2,0.01,1711811730000,1
b0915,1711811760000,buy,70160.0,0.01,1711811790000,1
a0915,1711811760000,sell,70160.1,0.01,1711811790000,1
b0916,1711811820000,buy,70142.3,0.01,1711811850000,1
a0916,1711811820000,sell,70142.4,0.01,1711811850000,1
b0917,1711811880000,buy,70148.7,0.01,1711811910000,1
a0917,1711811880000,sell,70148.8,0.01,1711811910000,1
b0918,1711811940000,buy,70126.9,0.01,1711811970000,1
a0918,1711811940000,sell,70127.0,0.01,1711811970000,1
b0919,1711812000000,buy,70126.9,0.01,1711812030000,1
a0919,1711812000000,sell,70127.0,0.01,1711812030000,1
b0920,1711812060000,buy,70095.8,0.01,1711812090000,1
a0920,1711812060000,sell,70095.9,0.01,1711812090000,1
b0921,1711812120000,buy,70076.6,0.01,1711812150000,1
a0921,1711812120000,sell,70076.7,0.01,1711812150000,1
b0922,1711812180000,buy,70040.0,0.01,1711812210000,1
a0922,1711812180000,sell,70040.1,0.01,1711812210000,1
b0923,1711812240000,buy,70040.0,0.01,1711812270000,1
a0923,1711812240000,sell,70040.1,0.01,1711812270000,1
b0924,1711812300000,buy,70082.3,0.01,1711812330000,1
a0924,1711812300000,sell,70082.4,0.01,1711812330000,1
b0925,1711812360000,buy,70060.5,0.01,1711812390000,1
a0925,1711812360000,sell,70060.6,0.01,1711812390000,1
b0926,1711812420000,buy,70048.5,0.01,1711812450000,1
a0926,1711812420000,sell,70048.6,0.01,1711812450000,1
b0927,1711812480000,buy,70042.7,0.01,1711812510000,1
a0927,1711812480000,sell,70042.8,0.01,1711812510000,1
b0928,1711812540000,buy,70043.4,0.01,1711812570000,1
a0928,1711812540000,sell,70043.5,0.01,1711812570000,1
b0929,1711812600000,buy,70079.7,0.01,1711812630000,1
a0929,1711812600000,sell,70079.8,0.01,1711812630000,1
b0930,1711812660000,buy,70034.1,0.01,1711812690000,1
a0930,1711812660000,sell,70034.2,0.01,1711812690000,1
b0931,1711812720000,buy,70013.0,0.01,1711812750000,1
a0931,1711812720000,sell,70013.1,0.01,1711812750000,1
b0932,1711812780000,buy,69990.0,0.01,1711812810000,1
a0932,1711812780000,sell,69990.1,0.01,1711812810000,1
b0933,1711812840000,buy,70012.9,0.01,1711812870000,1
a0933,1711812840000,sell,70013.0,0.01,1711812870000,1
b0934,1711812900000,buy,70049.3,0.01,1711812930000,1
a0934,1711812900000,sell,70049.4,0.01,1711812930000,0
b0935,1711812960000,buy,70037.9,0.01,1711812990000,1
a0935,1711812960000,sell,70038.0,0.01,1711812990000,1
b0936,1711813020000,buy,70016.0,0.01,1711813050000,1
a0936,1711813020000,sell,70016.1,0.01,1711813050000,1
b0937,1711813080000,buy,70015.4,0.01,1711813110000,1
a0937,1711813080000,sell,70015.5,0.01,1711813110000,1
b0938,1711813140000,buy,70050.0,0.01,1711813170000,1
a0938,1711813140000,sell,70050.1,0.01,1711813170000,0
b0939,1711813200000,buy,70044.9,0.01,1711813230000,1
a0939,1711813200000,sell,70045.0,0.01,1711813230000,1
b0940,1711813260000,buy,70071.3,0.01,1711813290000,0
a0940,1711813260000,sell,70071.4,0.01,1711813290000,1
b0941,1711813320000,buy,70074.3,0.01,1711813350000,1
a0941,1711813320000,sell,70074.4,0.01,1711813350000,1
b0942,1711813380000,buy,70079.9,0.01,1711813410000,1
a0942,1711813380000,sell,70080.0,0.01,1711813410000,1
b0943,1711813440000,buy,70045.8,0.01,1711813470000,1
a0943,1711813440000,sell,70045.9,0.01,1711813470000,1
b0944,1711813500000,buy,70053.9,0.01,1711813530000,1
a0944,1711813500000,sell,70054.0,0.01,1711813530000,1
b0945,1711813560000,buy,70045.7,0.01,1711813590000,1
a0945,1711813560000,sell,70045.8,0.01,1711813590000,1
b0946,1711813620000,buy,70030.0,0.01,1711813650000,1
a0946,1711813620000,sell,70030.1,0.01,1711813650000,1
b0947,1711813680000,buy,70013.9,0.01,1711813710000,1
a0947,1711813680000,sell,70014.0,0.01,1711813710000,1
b0948,1711813740000,buy,70000.0,0.01,1711813770000,1
a0948,1711813740000,sell,70000.1,0.01,1711813770000,1
b0949,1711813800000,buy,70012.9,0.01,1711813830000,1
a0949,1711813800000,sell,70013.0,0.01,1711813830000,1
b0950,1711813860000,buy,70010.5,0.01,1711813890000,1
a0950,1711813860000,sell,70010.6,0.01,1711813890000,1
b0951,1711813920000,buy,70061.5,0.01,1711813950000,1
a0951,1711813920000,sell,70061.6,0.01,1711813950000,1
b0952,1711813980000,buy,70054.5,0.01,1711814010000,1
a0952,1711813980000,sell,70054.6,0.01,1711814010000,1
b0953,1711814040000,buy,70062.0,0.01,1711814070000,1
a0953,1711814040000,sell,70062.1,0.01,1711814070000,1
b0954,1711814100000,buy,70054.9,0.01,1711814130000,1
a0954,1711814100000,sell,70055.0,0.01,1711814130000,0
b0955,1711814160000,buy,70046.0,0.01,1711814190000,1
a0955,1711814160000,sell,70046.1,0.01,1711814190000,1
b0956,1711814220000,buy,70053.2,0.01,1711814250000,1
a0956,1711814220000,sell,70053.3,0.01,1711814250000,1
b0957,1711814280000,buy,70042.7,0.01,1711814310000,1
a0957,1711814280000,sell,70042.8,0.01,1711814310000,1
b0958,1711814340000,buy,70054.5,0.01,1711814370000,1
a0958,1711814340000,sell,70054.6,0.01,1711814370000,1
b0959,1711814400000,buy,70064.9,0.01,1711814430000,1
a0959,1711814400000,sell,70065.0,0.01,1711814430000,1
b0960,1711814460000,buy,70005.6,0.01,1711814490000,1
a0960,1711814460000,sell,70005.7,0.01,1711814490000,1
b0961,1711814520000,buy,70032.9,0.01,1711814550000,0
a0961,1711814520000,sell,70033.0,0.01,1711814550000,1
b0962,1711814580000,buy,70105.6,0.01,1711814610000,1
a0962,1711814580000,sell,70105.7,0.01,1711814610000,0
b0963,1711814640000,buy,70067.0,0.01,1711814670000,1
a0963,1711814640000,sell,70067.1,0.01,1711814670000,1
b0964,1711814700000,buy,70050.4,0.01,1711814730000,1
a0964,1711814700000,sell,70050.5,0.01,1711814730000,1
b0965,1711814760000,buy,70067.5,0.01,1711814790000,1
a0965,1711814760000,sell,70067.6,0.01,1711814790000,1
b0966,1711814820000,buy,70079.9,0.01,1711814850000,1
a0966,1711814820000,sell,70080.0,0.01,1711814850000,0
b0967,1711814880000,buy,70044.5,0.01,1711814910000,1
a0967,1711814880000,sell,70044.6,0.01,1711814910000,1
b0968,1711814940000,buy,70023.7,0.01,1711814970000,1
a0968,1711814940000,sell,70023.8,0.01,1711814970000,1
b0969,1711815000000,buy,70011.7,0.01,1711815030000,1
a0969,1711815000000,sell,70011.8,0.01,1711815030000,1
b0970,1711815060000,buy,70040.0,0.01,1711815090000,1
a0970,1711815060000,sell,70040.1,0.01,1711815090000,1
b0971,1711815120000,buy,70022.0,0.01,1711815150000,1
a0971,1711815120000,sell,70022.1,0.01,1711815150000,0
b0972,1711815180000,buy,70015.0,0.01,1711815210000,1
a0972,1711815180000,sell,70015.1,0.01,1711815210000,1
b0973,1711815240000,buy,70010.0,0.01,1711815270000,0
a0973,1711815240000,sell,70010.1,0.01,1711815270000,1
b0974,1711815300000,buy,70006.5,0.01,1711815330000,1
a0974,1711815300000,sell,70006.6,0.01,1711815330000,1
b0975,1711815360000,buy,70015.1,0.01,1711815390000,1
a0975,1711815360000,sell,70015.2,0.01,1711815390000,1
b0976,1711815420000,buy,70026.5,0.01,1711815450000,1
a0976,1711815420000,sell,70026.6,0.01,1711815450000,1
b0977,1711815480000,buy,70013.1,0.01,1711815510000,1
a0977,1711815480000,sell,70013.2,0.01,1711815510000,1
b0978,1711815540000,buy,69973.8,0.01,1711815570000,1
a0978,1711815540000,sell,69973.9,0.01,1711815570000,1
b0979,1711815600000,buy,69979.1,0.01,1711815630000,1
a0979,1711815600000,sell,69979.2,0.01,1711815630000,1
b0980,1711815660000,buy,70018.2,0.01,1711815690000,1
a0980,1711815660000,sell,70018.3,0.01,1711815690000,1
b0981,1711815720000,buy,70070.2,0.01,1711815750000,1
a0981,1711815720000,sell,70070.3,0.01,1711815750000,1
b0982,1711815780000,buy,70028.5,0.01,1711815810000,1
a0982,1711815780000,sell,70028.6,0.01,1711815810000,1
b0983,1711815840000,buy,70034.5,0.01,1711815870000,1
a0983,1711815840000,sell,70034.6,0.01,1711815870000,1
b0984,1711815900000,buy,70038.1,0.01,1711815930000,1
a0984,1711815900000,sell,70038.2,0.01,1711815930000,1
b0985,1711815960000,buy,70050.7,0.01,1711815990000,1
a0985,1711815960000,sell,70050.8,0.01,1711815990000,1
b0986,1711816020000,buy,70062.1,0.01,1711816050000,1
a0986,1711816020000,sell,70062.2,0.01,1711816050000,1
b0987,1711816080000,buy,70062.1,0.01,1711816110000,1
a0987,1711816080000,sell,70062.2,0.01,1711816110000,1
b0988,1711816140000,buy,70052.1,0.01,1711816170000,1
a0988,1711816140000,sell,70052.2,0.01,1711816170000,1
b0989,1711816200000,buy,70068.8,0.01,1711816230000,1
a0989,1711816200000,sell,70068.9,0.01,1711816230000,1
b0990,1711816260000,buy,70056.9,0.01,1711816290000,1
a0990,1711816260000,sell,70057.0,0.01,1711816290000,1
b0991,1711816320000,buy,70036.4,0.01,1711816350000,1
a0991,1711816320000,sell,70036.5,0.01,1711816350000,1
b0992,1711816380000,buy,70065.6,0.01,1711816410000,1
a0992,1711816380000,sell,70065.7,0.01,1711816410000,1
b0993,1711816440000,buy,70111.6,0.01,1711816470000,1
a0993,1711816440000,sell,70111.7,0.01,1711816470000,1
b0994,1711816500000,buy,70132.9,0.01,1711816530000,1
a0994,1711816500000,sell,70133.0,0.01,1711816530000,1
b0995,1711816560000,buy,70111.9,0.01,1711816590000,1
a0995,1711816560000,sell,70112.0,0.01,1711816590000,1
b0996,1711816620000,buy,70074.8,0.01,1711816650000,1
a0996,1711816620000,sell,70074.9,0.01,1711816650000,1
b0997,1711816680000,buy,70072.7,0.01,1711816710000,1
a0997,1711816680000,sell,70072.8,0.01,1711816710000,1
b0998,1711816740000,buy,70099.6,0.01,1711816770000,1
a0998,1711816740000,sell,70099.7,0.01,1711816770000,1
b0999,1711816800000,buy,70088.9,0.01,1711816830000,1
a0999,1711816800000,sell,70089.0,0.01,1711816830000,1
b1000,1711816860000,buy,70068.0,0.01,1711816890000,1
a1000,1711816860000,sell,70068.1,0.01,1711816890000,1
b1001,1711816920000,buy,70054.4,0.01,1711816950000,1
a1001,1711816920000,sell,70054.5,0.01,1711816950000,1
b1002,1711816980000,buy,70019.1,0.01,1711817010000,1
a1002,1711816980000,sell,70019.2,0.01,1711817010000,1
b1003,1711817040000,buy,70019.9,0.01,1711817070000,1
a1003,1711817040000,sell,70020.0,0.01,1711817070000,1
b1004,1711817100000,buy,70029.4,0.01,1711817130000,1
a1004,1711817100000,sell,70029.5,0.01,1711817130000,1
b1005,1711817160000,buy,70043.7,0.01,1711817190000,1
a1005,1711817160000,sell,70043.8,0.01,1711817190000,1
b1006,1711817220000,buy,70134.5,0.01,1711817250000,0
a1006,1711817220000,sell,70134.6,0.01,1711817250000,1
b1007,1711817280000,buy,70197.4,0.01,1711817310000,1
a1007,1711817280000,sell,70197.5,0.01,1711817310000,1
b1008,1711817340000,buy,70215.5,0.01,1711817370000,1
a1008,1711817340000,sell,70215.6,0.01,1711817370000,1
b1009,1711817400000,buy,70252.7,0.01,1711817430000,1
a1009,1711817400000,sell,70252.8,0.01,1711817430000,1
b1010,1711817460000,buy,70317.8,0.01,1711817490000,1
a1010,1711817460000,sell,70317.9,0.01,1711817490000,1
b1011,1711817520000,buy,70285.4,0.01,1711817550000,1
a1011,1711817520000,sell,70285.5,0.01,1711817550000,1
b1012,1711817580000,buy,70274.7,0.01,1711817610000,1
a1012,1711817580000,sell,70274.8,0.01,1711817610000,1
b1013,1711817640000,buy,70283.9,0.01,1711817670000,1
a1013,1711817640000,sell,70284.0,0.01,1711817670000,1
b1014,1711817700000,buy,70301.3,0.01,1711817730000,1
a1014,1711817700000,sell,70301.4,0.01,1711817730000,1
b1015,1711817760000,buy,70311.9,0.01,1711817790000,1
a1015,1711817760000,sell,70312.0,0.01,1711817790000,0
b1016,1711817820000,buy,70262.0,0.01,1711817850000,1
a1016,1711817820000,sell,70262.1,0.01,1711817850000,1
b1017,1711817880000,buy,70264.9,0.01,1711817910000,1
a1017,1711817880000,sell,70265.0,0.01,1711817910000,0
b1018,1711817940000,buy,70247.7,0.01,1711817970000,1
a1018,1711817940000,sell,70247.8,0.01,1711817970000,1
b1019,1711818000000,buy,70240.1,0.01,1711818030000,1
a1019,1711818000000,sell,70240.2,0.01,1711818030000,1
b1020,1711818060000,buy,70227.0,0.01,1711818090000,1
a1020,1711818060000,sell,70227.1,0.01,1711818090000,1
b1021,1711818120000,buy,70230.8,0.01,1711818150000,1
a1021,1711818120000,sell,70230.9,0.01,1711818150000,1
b1022,1711818180000,buy,70205.9,0.01,1711818210000,0
a1022,1711818180000,sell,70206.0,0.01,1711818210000,1
b1023,1711818240000,buy,70233.1,0.01,1711818270000,1
a1023,1711818240000,sell,70233.2,0.01,1711818270000,1
b1024,1711818300000,buy,70223.4,0.01,1711818330000,1
a1024,1711818300000,sell,70223.5,0.01,1711818330000,1
b1025,1711818360000,buy,70222.6,0.01,1711818390000,1
a1025,1711818360000,sell,70222.7,0.01,1711818390000,1
b1026,1711818420000,buy,70243.9,0.01,1711818450000,1
a1026,1711818420000,sell,70244.0,0.01,1711818450000,1
b1027,1711818480000,buy,70199.0,0.01,1711818510000,1
a1027,1711818480000,sell,70199.1,0.01,1711818510000,1
b1028,1711818540000,buy,70186.4,0.01,1711818570000,1
a1028,1711818540000,sell,70186.5,0.01,1711818570000,1
b1029,1711818600000,buy,70176.2,0.01,1711818630000,1
a1029,1711818600000,sell,70176.3,0.01,1711818630000,1
b1030,1711818660000,buy,70150.2,0.01,1711818690000,1
a1030,1711818660000,sell,70150.3,0.01,1711818690000,1
b1031,1711818720000,buy,70142.0,0.01,1711818750000,1
a1031,1711818720000,sell,70142.1,0.01,1711818750000,1
b1032,1711818780000,buy,70122.2,0.01,1711818810000,1
a1032,1711818780000,sell,70122.3,0.01,1711818810000,1
b1033,1711818840000,buy,70109.8,0.01,1711818870000,1
a1033,1711818840000,sell,70109.9,0.01,1711818870000,1
b1034,1711818900000,buy,70097.3,0.01,1711818930000,1
a1034,1711818900000,sell,70097.4,0.01,1711818930000,1
b1035,1711818960000,buy,70123.0,0.01,1711818990000,1
a1035,1711818960000,sell,70123.1,0.01,1711818990000,1
b1036,1711819020000,buy,70121.1,0.01,1711819050000,1
a1036,1711819020000,sell,70121.2,0.01,1711819050000,1
b1037,1711819080000,buy,70084.9,0.01,1711819110000,1
a1037,1711819080000,sell,70085.0,0.01,1711819110000,1
b1038,1711819140000,buy,70068.0,0.01,1711819170000,1
a1038,1711819140000,sell,70068.1,0.01,1711819170000,1
b1039,1711819200000,buy,70058.8,0.01,1711819230000,1
a1039,1711819200000,sell,70058.9,0.01,1711819230000,1
b1040,1711819260000,buy,70086.5,0.01,1711819290000,1
a1040,1711819260000,sell,70086.6,0.01,1711819290000,1
b1041,1711819320000,buy,70106.8,0.01,1711819350000,1
a1041,1711819320000,sell,70106.9,0.01,1711819350000,1
b1042,1711819380000,buy,70121.9,0.01,1711819410000,0
a1042,1711819380000,sell,70122.0,0.01,1711819410000,1
b1043,1711819440000,buy,70133.4,0.01,1711819470000,1
a1043,1711819440000,sell,70133.5,0.01,1711819470000,1
b1044,1711819500000,buy,70087.4,0.01,1711819530000,1
a1044,1711819500000,sell,70087.5,0.01,1711819530000,1
b1045,1711819560000,buy,70062.2,0.01,1711819590000,1
a1045,1711819560000,sell,70062.3,0.01,1711819590000,1
b1046,1711819620000,buy,70076.4,0.01,1711819650000,1
a1046,1711819620000,sell,70076.5,0.01,1711819650000,1
b1047,1711819680000,buy,70087.3,0.01,1711819710000,1
a1047,1711819680000,sell,70087.4,0.01,1711819710000,1
b1048,1711819740000,buy,70102.1,0.01,1711819770000,1
a1048,1711819740000,sell,70102.2,0.01,1711819770000,1
b1049,1711819800000,buy,70101.9,0.01,1711819830000,1
a1049,1711819800000,sell,70102.0,0.01,1711819830000,1
b1050,1711819860000,buy,70111.9,0.01,1711819890000,1
a1050,1711819860000,sell,70112.0,0.01,1711819890000,1
b1051,1711819920000,buy,70073.0,0.01,1711819950000,1
a1051,1711819920000,sell,70073.1,0.01,1711819950000,1
b1052,1711819980000,buy,70103.9,0.01,1711820010000,1
a1052,1711819980000,sell,70104.0,0.01,1711820010000,1
b1053,1711820040000,buy,70119.9,0.01,1711820070000,1
a1053,1711820040000,sell,70120.0,0.01,1711820070000,1
b1054,1711820100000,buy,70096.4,0.01,1711820130000,1
a1054,1711820100000,sell,70096.5,0.01,1711820130000,1
b1055,1711820160000,buy,70097.5,0.01,1711820190000,1
a1055,1711820160000,sell,70097.6,0.01,1711820190000,1
b1056,1711820220000,buy,70080.0,0.01,1711820250000,1
a1056,1711820220000,sell,70080.1,0.01,1711820250000,1
b1057,1711820280000,buy,70110.8,0.01,1711820310000,1
a1057,1711820280000,sell,70110.9,0.01,1711820310000,1
b1058,1711820340000,buy,70149.8,0.01,1711820370000,1
a1058,1711820340000,sell,70149.9,0.01,1711820370000,1
b1059,1711820400000,buy,70121.7,0.01,1711820430000,1
a1059,1711820400000,sell,70121.8,0.01,1711820430000,1
b1060,1711820460000,buy,70098.0,0.01,1711820490000,1
a1060,1711820460000,sell,70098.1,0.01,1711820490000,1
b1061,1711820520000,buy,70080.4,0.01,1711820550000,1
a1061,1711820520000,sell,70080.5,0.01,1711820550000,1
b1062,1711820580000,buy,70098.2,0.01,1711820610000,1
a1062,1711820580000,sell,70098.3,0.01,1711820610000,1
b1063,1711820640000,buy,70115.6,0.01,1711820670000,1
a1063,1711820640000,sell,70115.7,0.01,1711820670000,1
b1064,1711820700000,buy,70125.1,0.01,1711820730000,1
a1064,1711820700000,sell,70125.2,0.01,1711820730000,1
b1065,1711820760000,buy,70086.0,0.01,1711820790000,1
a1065,1711820760000,sell,70086.1,0.01,1711820790000,1
b1066,1711820820000,buy,70081.2,0.01,1711820850000,1
a1066,1711820820000,sell,70081.3,0.01,1711820850000,1
b1067,1711820880000,buy,70095.9,0.01,1711820910000,1
a1067,1711820880000,sell,70096.0,0.01,1711820910000,1
b1068,1711820940000,buy,70070.0,0.01,1711820970000,1
a1068,1711820940000,sell,70070.1,0.01,1711820970000,1
b1069,1711821000000,buy,70070.4,0.01,1711821030000,1
a1069,1711821000000,sell,70070.5,0.01,1711821030000,1
b1070,1711821060000,buy,70087.4,0.01,1711821090000,1
a1070,1711821060000,sell,70087.5,0.01,1711821090000,1
b1071,1711821120000,buy,70080.2,0.01,1711821150000,0
a1071,1711821120000,sell,70080.3,0.01,1711821150000,1
b1072,1711821180000,buy,70089.9,0.01,1711821210000,1
a1072,1711821180000,sell,70090.0,0.01,1711821210000,1
b1073,1711821240000,buy,70099.8,0.01,1711821270000,1
a1073,1711821240000,sell,70099.9,0.01,1711821270000,1
b1074,1711821300000,buy,70100.9,0.01,1711821330000,1
a1074,1711821300000,sell,70101.0,0.01,1711821330000,1
b1075,1711821360000,buy,70124.9,0.01,1711821390000,1
a1075,1711821360000,sell,70125.0,0.01,1711821390000,1
b1076,1711821420000,buy,70102.5,0.01,1711821450000,1
a1076,1711821420000,sell,70102.6,0.01,1711821450000,1
b1077,1711821480000,buy,70113.9,0.01,1711821510000,1
a1077,1711821480000,sell,70114.0,0.01,1711821510000,1
b1078,1711821540000,buy,70106.5,0.01,1711821570000,1
a1078,1711821540000,sell,70106.6,0.01,1711821570000,1
b1079,1711821600000,buy,70099.9,0.01,1711821630000,1
a1079,1711821600000,sell,70100.0,0.01,1711821630000,1
b1080,1711821660000,buy,70065.3,0.01,1711821690000,1
a1080,1711821660000,sell,70065.4,0.01,1711821690000,1
b1081,1711821720000,buy,70064.8,0.01,1711821750000,1
a1081,1711821720000,sell,70064.9,0.01,1711821750000,1
b1082,1711821780000,buy,70084.9,0.01,1711821810000,1
a1082,1711821780000,sell,70085.0,0.01,1711821810000,1
b1083,1711821840000,buy,70066.3,0.01,1711821870000,1
a1083,1711821840000,sell,70066.4,0.01,1711821870000,1
b1084,1711821900000,buy,70071.5,0.01,1711821930000,1
a1084,1711821900000,sell,70071.6,0.01,1711821930000,1
b1085,1711821960000,buy,70058.7,0.01,1711821990000,1
a1085,1711821960000,sell,70058.8,0.01,1711821990000,1
b1086,1711822020000,buy,70045.1,0.01,1711822050000,1
a1086,1711822020000,sell,70045.2,0.01,1711822050000,1
b1087,1711822080000,buy,70030.8,0.01,1711822110000,1
a1087,1711822080000,sell,70030.9,0.01,1711822110000,1
b1088,1711822140000,buy,69991.9,0.01,1711822170000,1
a1088,1711822140000,sell,69992.0,0.01,1711822170000,1
b1089,1711822200000,buy,69983.9,0.01,1711822230000,1
a1089,1711822200000,sell,69984.0,0.01,1711822230000,1
b1090,1711822260000,buy,69976.4,0.01,1711822290000,1
a1090,1711822260000,sell,69976.5,0.01,1711822290000,1
b1091,1711822320000,buy,69990.0,0.01,1711822350000,1
a1091,1711822320000,sell,69990.1,0.01,1711822350000,1
b1092,1711822380000,buy,69983.2,0.01,1711822410000,1
a1092,1711822380000,sell,69983.3,0.01,1711822410000,1
b1093,1711822440000,buy,69988.5,0.01,1711822470000,1
a1093,1711822440000,sell,69988.6,0.01,1711822470000,1
b1094,1711822500000,buy,69986.5,0.01,1711822530000,1
a1094,1711822500000,sell,69986.6,0.01,1711822530000,1
b1095,1711822560000,buy,69994.0,0.01,1711822590000,0
a1095,1711822560000,sell,69994.1,0.01,1711822590000,1
b1096,1711822620000,buy,69994.0,0.01,1711822650000,1
a1096,1711822620000,sell,69994.1,0.01,1711822650000,1
b1097,1711822680000,buy,69991.6,0.01,1711822710000,1
a1097,1711822680000,sell,69991.7,0.01,1711822710000,0
b1098,1711822740000,buy,69954.3,0.01,1711822770000,1
a1098,1711822740000,sell,69954.4,0.01,1711822770000,1
b1099,1711822800000,buy,69946.1,0.01,1711822830000,1
a1099,1711822800000,sell,69946.2,0.01,1711822830000,1
b1100,1711822860000,buy,69974.7,0.01,1711822890000,1
a1100,1711822860000,sell,69974.8,0.01,1711822890000,1
b1101,1711822920000,buy,69997.3,0.01,1711822950000,1
a1101,1711822920000,sell,69997.4,0.01,1711822950000,1
b1102,1711822980000,buy,70009.2,0.01,1711823010000,1
a1102,1711822980000,sell,70009.3,0.01,1711823010000,1
b1103,1711823040000,buy,70014.4,0.01,1711823070000,1
a1103,1711823040000,sell,70014.5,0.01,1711823070000,1
b1104,1711823100000,buy,70027.4,0.01,1711823130000,1
a1104,1711823100000,sell,70027.5,0.01,1711823130000,1
b1105,1711823160000,buy,70016.9,0.01,1711823190000,1
a1105,1711823160000,sell,70017.0,0.01,1711823190000,1
b1106,1711823220000,buy,70016.9,0.01,1711823250000,1
a1106,1711823220000,sell,70017.0,0.01,1711823250000,1
b1107,1711823280000,buy,70021.1,0.01,1711823310000,1
a1107,1711823280000,sell,70021.2,0.01,1711823310000,1
b1108,1711823340000,buy,70015.2,0.01,1711823370000,1
a1108,1711823340000,sell,70015.3,0.01,1711823370000,1
b1109,1711823400000,buy,70036.3,0.01,1711823430000,1
a1109,1711823400000,sell,70036.4,0.01,1711823430000,1
b1110,1711823460000,buy,70037.3,0.01,1711823490000,1
a1110,1711823460000,sell,70037.4,0.01,1711823490000,1
b1111,1711823520000,buy,70042.4,0.01,1711823550000,1
a1111,1711823520000,sell,70042.5,0.01,1711823550000,1
b1112,1711823580000,buy,70033.0,0.01,1711823610000,1
a1112,1711823580000,sell,70033.1,0.01,1711823610000,1
b1113,1711823640000,buy,70012.6,0.01,1711823670000,1
a1113,1711823640000,sell,70012.7,0.01,1711823670000,1
b1114,1711823700000,buy,70019.9,0.01,1711823730000,1
a1114,1711823700000,sell,70020.0,0.01,1711823730000,1
b1115,1711823760000,buy,70014.3,0.01,1711823790000,1
a1115,1711823760000,sell,70014.4,0.01,1711823790000,1
b1116,1711823820000,buy,69996.6,0.01,1711823850000,1
a1116,1711823820000,sell,69996.7,0.01,1711823850000,1
b1117,1711823880000,buy,69995.8,0.01,1711823910000,1
a1117,1711823880000,sell,69995.9,0.01,1711823910000,1
b1118,1711823940000,buy,69985.8,0.01,1711823970000,1
a1118,1711823940000,sell,69985.9,0.01,1711823970000,1
b1119,1711824000000,buy,69988.3,0.01,1711824030000,1
a1119,1711824000000,sell,69988.4,0.01,1711824030000,1
b1120,1711824060000,buy,69988.3,0.01,1711824090000,1
a1120,1711824060000,sell,69988.4,0.01,1711824090000,1
b1121,1711824120000,buy,70013.8,0.01,1711824150000,1
a1121,1711824120000,sell,70013.9,0.01,1711824150000,1
b1122,1711824180000,buy,70009.0,0.01,1711824210000,1
a1122,1711824180000,sell,70009.1,0.01,1711824210000,1
b1123,1711824240000,buy,70009.0,0.01,1711824270000,1
a1123,1711824240000,sell,70009.1,0.01,1711824270000,1
b1124,1711824300000,buy,70003.5,0.01,1711824330000,1
a1124,1711824300000,sell,70003.6,0.01,1711824330000,1
b1125,1711824360000,buy,70013.9,0.01,1711824390000,1
a1125,1711824360000,sell,70014.0,0.01,1711824390000,1
b1126,1711824420000,buy,70006.0,0.01,1711824450000,1
a1126,1711824420000,sell,70006.1,0.01,1711824450000,1
b1127,1711824480000,buy,70006.5,0.01,1711824510000,1
a1127,1711824480000,sell,70006.6,0.01,1711824510000,1
b1128,1711824540000,buy,70006.3,0.01,1711824570000,1
a1128,1711824540000,sell,70006.4,0.01,1711824570000,1
b1129,1711824600000,buy,70012.6,0.01,1711824630000,1
a1129,1711824600000,sell,70012.7,0.01,1711824630000,1
b1130,1711824660000,buy,70026.4,0.01,1711824690000,1
a1130,1711824660000,sell,70026.5,0.01,1711824690000,1
b1131,1711824720000,buy,70013.1,0.01,1711824750000,1
a1131,1711824720000,sell,70013.2,0.01,1711824750000,1
b1132,1711824780000,buy,69994.6,0.01,1711824810000,1
a1132,1711824780000,sell,69994.7,0.01,1711824810000,0
b1133,1711824840000,buy,69975.3,0.01,1711824870000,1
a1133,1711824840000,sell,69975.4,0.01,1711824870000,1
b1134,1711824900000,buy,69981.1,0.01,1711824930000,1
a1134,1711824900000,sell,69981.2,0.01,1711824930000,1
b1135,1711824960000,buy,70006.5,0.01,1711824990000,1
a1135,1711824960000,sell,70006.6,0.01,1711824990000,1
b1136,1711825020000,buy,70037.7,0.01,1711825050000,1
a1136,1711825020000,sell,70037.8,0.01,1711825050000,0
b1137,1711825080000,buy,70016.5,0.01,1711825110000,0
a1137,1711825080000,sell,70016.6,0.01,1711825110000,1
b1138,1711825140000,buy,70015.8,0.01,1711825170000,0
a1138,1711825140000,sell,70015.9,0.01,1711825170000,1
b1139,1711825200000,buy,69979.8,0.01,1711825230000,1
a1139,1711825200000,sell,69981.5,0.01,1711825230000,0
b1140,1711825260000,buy,69944.0,0.01,1711825290000,1
a1140,1711825260000,sell,69944.1,0.01,1711825290000,1
b1141,1711825320000,buy,69894.3,0.01,1711825350000,1
a1141,1711825320000,sell,69894.4,0.01,1711825350000,1
b1142,1711825380000,buy,69916.8,0.01,1711825410000,1
a1142,1711825380000,sell,69916.9,0.01,1711825410000,1
b1143,1711825440000,buy,69908.0,0.01,1711825470000,1
a1143,1711825440000,sell,69908.1,0.01,1711825470000,1
b1144,1711825500000,buy,69885.0,0.01,1711825530000,1
a1144,1711825500000,sell,69885.1,0.01,1711825530000,1
b1145,1711825560000,buy,69871.1,0.01,1711825590000,1
a1145,1711825560000,sell,69871.2,0.01,1711825590000,1
b1146,1711825620000,buy,69885.2,0.01,1711825650000,1
a1146,1711825620000,sell,69885.3,0.01,1711825650000,1
b1147,1711825680000,buy,69942.3,0.01,1711825710000,1
a1147,1711825680000,sell,69942.4,0.01,1711825710000,1
b1148,1711825740000,buy,69891.2,0.01,1711825770000,1
a1148,1711825740000,sell,69891.3,0.01,1711825770000,1
b1149,1711825800000,buy,69903.5,0.01,1711825830000,1
a1149,1711825800000,sell,69903.6,0.01,1711825830000,1
b1150,1711825860000,buy,69878.8,0.01,1711825890000,1
a1150,1711825860000,sell,69878.9,0.01,1711825890000,1
b1151,1711825920000,buy,69860.4,0.01,1711825950000,1
a1151,1711825920000,sell,69860.5,0.01,1711825950000,1
b1152,1711825980000,buy,69835.9,0.01,1711826010000,1
a1152,1711825980000,sell,69836.0,0.01,1711826010000,1
b1153,1711826040000,buy,69826.0,0.01,1711826070000,1
a1153,1711826040000,sell,69826.1,0.01,1711826070000,1
b1154,1711826100000,buy,69820.0,0.01,1711826130000,1
a1154,1711826100000,sell,69820.1,0.01,1711826130000,1
b1155,1711826160000,buy,69800.0,0.01,1711826190000,1
a1155,1711826160000,sell,69800.1,0.01,1711826190000,1
b1156,1711826220000,buy,69754.5,0.01,1711826250000,1
a1156,1711826220000,sell,69754.6,0.01,1711826250000,1
b1157,1711826280000,buy,69772.0,0.01,1711826310000,1
a1157,1711826280000,sell,69772.1,0.01,1711826310000,1
b1158,1711826340000,buy,69827.0,0.01,1711826370000,1
a1158,1711826340000,sell,69827.1,0.01,1711826370000,1
b1159,1711826400000,buy,69845.9,0.01,1711826430000,1
a1159,1711826400000,sell,69846.0,0.01,1711826430000,1
b1160,1711826460000,buy,69860.0,0.01,1711826490000,1
a1160,1711826460000,sell,69860.1,0.01,1711826490000,1
b1161,1711826520000,buy,69842.7,0.01,1711826550000,1
a1161,1711826520000,sell,69842.8,0.01,1711826550000,1
b1162,1711826580000,buy,69867.9,0.01,1711826610000,1
a1162,1711826580000,sell,69868.0,0.01,1711826610000,1
b1163,1711826640000,buy,69881.7,0.01,1711826670000,1
a1163,1711826640000,sell,69881.8,0.01,1711826670000,1
b1164,1711826700000,buy,69926.4,0.01,1711826730000,1
a1164,1711826700000,sell,69926.5,0.01,1711826730000,1
b1165,1711826760000,buy,69911.7,0.01,1711826790000,1
a1165,1711826760000,sell,69911.8,0.01,1711826790000,1
b1166,1711826820000,buy,69900.0,0.01,1711826850000,1
a1166,1711826820000,sell,69900.1,0.01,1711826850000,1
b1167,1711826880000,buy,69881.4,0.01,1711826910000,1
a1167,1711826880000,sell,69881.5,0.01,1711826910000,1
b1168,1711826940000,buy,69889.8,0.01,1711826970000,1
a1168,1711826940000,sell,69889.9,0.01,1711826970000,1
b1169,1711827000000,buy,69948.7,0.01,1711827030000,1
a1169,1711827000000,sell,69948.8,0.01,1711827030000,1
b1170,1711827060000,buy,69899.5,0.01,1711827090000,1
a1170,1711827060000,sell,69899.6,0.01,1711827090000,1
b1171,1711827120000,buy,69879.8,0.01,1711827150000,1
a1171,1711827120000,sell,69879.9,0.01,1711827150000,1
b1172,1711827180000,buy,69967.2,0.01,1711827210000,1
a1172,1711827180000,sell,69967.3,0.01,1711827210000,1
b1173,1711827240000,buy,69942.1,0.01,1711827270000,1
a1173,1711827240000,sell,69942.2,0.01,1711827270000,1
b1174,1711827300000,buy,69925.0,0.01,1711827330000,1
a1174,1711827300000,sell,69925.1,0.01,1711827330000,1
b1175,1711827360000,buy,69932.0,0.01,1711827390000,1
a1175,1711827360000,sell,69932.1,0.01,1711827390000,1
b1176,1711827420000,buy,69882.3,0.01,1711827450000,1
a1176,1711827420000,sell,69882.4,0.01,1711827450000,1
b1177,1711827480000,buy,69873.3,0.01,1711827510000,1
a1177,1711827480000,sell,69873.4,0.01,1711827510000,1
b1178,1711827540000,buy,69881.9,0.01,1711827570000,1
a1178,1711827540000,sell,69882.0,0.01,1711827570000,1
b1179,1711827600000,buy,69890.3,0.01,1711827630000,1
a1179,1711827600000,sell,69890.4,0.01,1711827630000,1
b1180,1711827660000,buy,69893.2,0.01,1711827690000,1
a1180,1711827660000,sell,69893.3,0.01,1711827690000,1
b1181,1711827720000,buy,69912.0,0.01,1711827750000,1
a1181,1711827720000,sell,69912.1,0.01,1711827750000,1
b1182,1711827780000,buy,69899.9,0.01,1711827810000,1
a1182,1711827780000,sell,69900.0,0.01,1711827810000,1
b1183,1711827840000,buy,69912.5,0.01,1711827870000,1
a1183,1711827840000,sell,69912.6,0.01,1711827870000,1
b1184,1711827900000,buy,69909.9,0.01,1711827930000,1
a1184,1711827900000,sell,69910.0,0.01,1711827930000,1
b1185,1711827960000,buy,69872.1,0.01,1711827990000,1
a1185,1711827960000,sell,69872.2,0.01,1711827990000,1
b1186,1711828020000,buy,69890.5,0.01,1711828050000,0
a1186,1711828020000,sell,69890.6,0.01,1711828050000,1
b1187,1711828080000,buy,69900.0,0.01,1711828110000,1
a1187,1711828080000,sell,69900.1,0.01,1711828110000,1
b1188,1711828140000,buy,69888.0,0.01,1711828170000,0
a1188,1711828140000,sell,69888.1,0.01,1711828170000,1
b1189,1711828200000,buy,69919.4,0.01,1711828230000,1
a1189,1711828200000,sell,69919.5,0.01,1711828230000,1
b1190,1711828260000,buy,69949.7,0.01,1711828290000,1
a1190,1711828260000,sell,69949.8,0.01,1711828290000,1
b1191,1711828320000,buy,69945.0,0.01,1711828350000,1
a1191,1711828320000,sell,69945.1,0.01,1711828350000,1
b1192,1711828380000,buy,69958.2,0.01,1711828410000,1
a1192,1711828380000,sell,69958.3,0.01,1711828410000,0
b1193,1711828440000,buy,69953.2,0.01,1711828470000,1
a1193,1711828440000,sell,69953.3,0.01,1711828470000,1
b1194,1711828500000,buy,69953.2,0.01,1711828530000,0
a1194,1711828500000,sell,69953.3,0.01,1711828530000,1
b1195,1711828560000,buy,69960.0,0.01,1711828590000,1
a1195,1711828560000,sell,69960.1,0.01,1711828590000,0
b1196,1711828620000,buy,69948.0,0.01,1711828650000,1
a1196,1711828620000,sell,69948.1,0.01,1711828650000,1
b1197,1711828680000,buy,69946.1,0.01,1711828710000,1
a1197,1711828680000,sell,69946.2,0.01,1711828710000,1
b1198,1711828740000,buy,69962.9,0.01,1711828770000,1
a1198,1711828740000,sell,69963.0,0.01,1711828770000,1
b1199,1711828800000,buy,69944.7,0.01,1711828830000,1
a1199,1711828800000,sell,69944.8,0.01,1711828830000,1
b1200,1711828860000,buy,69923.0,0.01,1711828890000,1
a1200,1711828860000,sell,69923.1,0.01,1711828890000,1
b1201,1711828920000,buy,69909.9,0.01,1711828950000,1
a1201,1711828920000,sell,69910.0,0.01,1711828950000,1
b1202,1711828980000,buy,69891.2,0.01,1711829010000,1
a1202,1711828980000,sell,69891.3,0.01,1711829010000,1
b1203,1711829040000,buy,69898.6,0.01,1711829070000,1
a1203,1711829040000,sell,69898.7,0.01,1711829070000,1
b1204,1711829100000,buy,69897.2,0.01,1711829130000,1
a1204,1711829100000,sell,69897.3,0.01,1711829130000,1
b1205,1711829160000,buy,69894.4,0.01,1711829190000,1
a1205,1711829160000,sell,69894.5,0.01,1711829190000,1
b1206,1711829220000,buy,69905.7,0.01,1711829250000,1
a1206,1711829220000,sell,69905.8,0.01,1711829250000,0
b1207,1711829280000,buy,69899.6,0.01,1711829310000,1
a1207,1711829280000,sell,69899.7,0.01,1711829310000,1
b1208,1711829340000,buy,69879.1,0.01,1711829370000,1
a1208,1711829340000,sell,69879.2,0.01,1711829370000,1
b1209,1711829400000,buy,69874.0,0.01,1711829430000,1
a1209,1711829400000,sell,69874.1,0.01,1711829430000,1
b1210,1711829460000,buy,69831.1,0.01,1711829490000,0
a1210,1711829460000,sell,69831.2,0.01,1711829490000,1
b1211,1711829520000,buy,69886.4,0.01,1711829550000,1
a1211,1711829520000,sell,69886.5,0.01,1711829550000,1
b1212,1711829580000,buy,69896.1,0.01,1711829610000,1
a1212,1711829580000,sell,69896.2,0.01,1711829610000,1
b1213,1711829640000,buy,69909.7,0.01,1711829670000,1
a1213,1711829640000,sell,69909.8,0.01,1711829670000,1
b1214,1711829700000,buy,69898.5,0.01,1711829730000,1
a1214,1711829700000,sell,69898.6,0.01,1711829730000,1
b1215,1711829760000,buy,69916.6,0.01,1711829790000,1
a1215,1711829760000,sell,69916.7,0.01,1711829790000,1
b1216,1711829820000,buy,69931.8,0.01,1711829850000,1
a1216,1711829820000,sell,69931.9,0.01,1711829850000,1
b1217,1711829880000,buy,69927.8,0.01,1711829910000,1
a1217,1711829880000,sell,69927.9,0.01,1711829910000,1
b1218,1711829940000,buy,69927.0,0.01,1711829970000,1
a1218,1711829940000,sell,69927.1,0.01,1711829970000,1
b1219,1711830000000,buy,69937.0,0.01,1711830030000,1
a1219,1711830000000,sell,69937.1,0.01,1711830030000,1
b1220,1711830060000,buy,69900.0,0.01,1711830090000,1
a1220,1711830060000,sell,69900.1,0.01,1711830090000,0
b1221,1711830120000,buy,69896.1,0.01,1711830150000,0
a1221,1711830120000,sell,69896.2,0.01,1711830150000,1
b1222,1711830180000,buy,69891.3,0.01,1711830210000,0
a1222,1711830180000,sell,69891.4,0.01,1711830210000,1
b1223,1711830240000,buy,69901.8,0.01,1711830270000,1
a1223,1711830240000,sell,69901.9,0.01,1711830270000,1
b1224,1711830300000,buy,69900.6,0.01,1711830330000,1
a1224,1711830300000,sell,69900.7,0.01,1711830330000,1
b1225,1711830360000,buy,69924.0,0.01,1711830390000,1
a1225,1711830360000,sell,69924.1,0.01,1711830390000,1
b1226,1711830420000,buy,69921.5,0.01,1711830450000,1
a1226,1711830420000,sell,69921.6,0.01,1711830450000,1
b1227,1711830480000,buy,69937.2,0.01,1711830510000,1
a1227,1711830480000,sell,69937.3,0.01,1711830510000,1
b1228,1711830540000,buy,69958.9,0.01,1711830570000,1
a1228,1711830540000,sell,69959.0,0.01,1711830570000,1
b1229,1711830600000,buy,69937.7,0.01,1711830630000,1
a1229,1711830600000,sell,69937.8,0.01,1711830630000,1
b1230,1711830660000,buy,69916.8,0.01,1711830690000,1
a1230,1711830660000,sell,69916.9,0.01,1711830690000,1
b1231,1711830720000,buy,69899.9,0.01,1711830750000,0
a1231,1711830720000,sell,69900.0,0.01,1711830750000,1
b1232,1711830780000,buy,69911.9,0.01,1711830810000,1
a1232,1711830780000,sell,69912.0,0.01,1711830810000,1
b1233,1711830840000,buy,69908.3,0.01,1711830870000,1
a1233,1711830840000,sell,69908.4,0.01,1711830870000,1
b1234,1711830900000,buy,69899.9,0.01,1711830930000,1
a1234,1711830900000,sell,69900.0,0.01,1711830930000,1
b1235,1711830960000,buy,69899.9,0.01,1711830990000,0
a1235,1711830960000,sell,69900.0,0.01,1711830990000,1
b1236,1711831020000,buy,69908.0,0.01,1711831050000,1
a1236,1711831020000,sell,69908.1,0.01,1711831050000,1
b1237,1711831080000,buy,69913.1,0.01,1711831110000,1
a1237,1711831080000,sell,69913.2,0.01,1711831110000,1
b1238,1711831140000,buy,69919.9,0.01,1711831170000,1
a1238,1711831140000,sell,69920.0,0.01,1711831170000,1
b1239,1711831200000,buy,69920.0,0.01,1711831230000,1
a1239,1711831200000,sell,69920.1,0.01,1711831230000,1
b1240,1711831260000,buy,69874.0,0.01,1711831290000,1
a1240,1711831260000,sell,69874.1,0.01,1711831290000,1
b1241,1711831320000,buy,69884.7,0.01,1711831350000,1
a1241,1711831320000,sell,69884.8,0.01,1711831350000,1
b1242,1711831380000,buy,69890.4,0.01,1711831410000,1
a1242,1711831380000,sell,69890.5,0.01,1711831410000,1
b1243,1711831440000,buy,69899.2,0.01,1711831470000,1
a1243,1711831440000,sell,69899.3,0.01,1711831470000,1
b1244,1711831500000,buy,69909.8,0.01,1711831530000,1
a1244,1711831500000,sell,69909.9,0.01,1711831530000,1
b1245,1711831560000,buy,69883.1,0.01,1711831590000,1
a1245,1711831560000,sell,69883.2,0.01,1711831590000,1
b1246,1711831620000,buy,69857.0,0.01,1711831650000,1
a1246,1711831620000,sell,69857.1,0.01,1711831650000,1
b1247,1711831680000,buy,69879.6,0.01,1711831710000,1
a1247,1711831680000,sell,69879.7,0.01,1711831710000,1
b1248,1711831740000,buy,69873.3,0.01,1711831770000,0
a1248,1711831740000,sell,69873.4,0.01,1711831770000,1
b1249,1711831800000,buy,69884.6,0.01,1711831830000,1
a1249,1711831800000,sell,69884.7,0.01,1711831830000,0
b1250,1711831860000,buy,69860.3,0.01,1711831890000,1
a1250,1711831860000,sell,69860.4,0.01,1711831890000,1
b1251,1711831920000,buy,69868.1,0.01,1711831950000,1
a1251,1711831920000,sell,69868.2,0.01,1711831950000,1
b1252,1711831980000,buy,69884.1,0.01,1711832010000,1
a1252,1711831980000,sell,69884.2,0.01,1711832010000,1
b1253,1711832040000,buy,69878.0,0.01,1711832070000,1
a1253,1711832040000,sell,69878.1,0.01,1711832070000,1
b1254,1711832100000,buy,69880.3,0.01,1711832130000,1
a1254,1711832100000,sell,69880.4,0.01,1711832130000,1
b1255,1711832160000,buy,69882.1,0.01,1711832190000,1
a1255,1711832160000,sell,69882.2,0.01,1711832190000,1
b1256,1711832220000,buy,69884.2,0.01,1711832250000,1
a1256,1711832220000,sell,69884.3,0.01,1711832250000,0
b1257,1711832280000,buy,69903.1,0.01,1711832310000,1
a1257,1711832280000,sell,69903.2,0.01,1711832310000,1
b1258,1711832340000,buy,69871.4,0.01,1711832370000,1
a1258,1711832340000,sell,69871.5,0.01,1711832370000,1
b1259,1711832400000,buy,69859.8,0.01,1711832430000,1
a1259,1711832400000,sell,69859.9,0.01,1711832430000,1
b1260,1711832460000,buy,69876.0,0.01,1711832490000,1
a1260,1711832460000,sell,69876.1,0.01,1711832490000,1
b1261,1711832520000,buy,69893.6,0.01,1711832550000,1
a1261,1711832520000,sell,69893.7,0.01,1711832550000,1
b1262,1711832580000,buy,69887.8,0.01,1711832610000,1
a1262,1711832580000,sell,69887.9,0.01,1711832610000,1
b1263,1711832640000,buy,69889.9,0.01,1711832670000,0
a1263,1711832640000,sell,69890.0,0.01,1711832670000,1
b1264,1711832700000,buy,69896.8,0.01,1711832730000,1
a1264,1711832700000,sell,69896.9,0.01,1711832730000,1
b1265,1711832760000,buy,69894.3,0.01,1711832790000,0
a1265,1711832760000,sell,69894.4,0.01,1711832790000,1
b1266,1711832820000,buy,69872.1,0.01,1711832850000,1
a1266,1711832820000,sell,69872.2,0.01,1711832850000,1
b1267,1711832880000,buy,69849.4,0.01,1711832910000,1
a1267,1711832880000,sell,69849.5,0.01,1711832910000,1
b1268,1711832940000,buy,69836.0,0.01,1711832970000,1
a1268,1711832940000,sell,69836.1,0.01,1711832970000,1
b1269,1711833000000,buy,69812.1,0.01,1711833030000,1
a1269,1711833000000,sell,69812.2,0.01,1711833030000,1
b1270,1711833060000,buy,69819.0,0.01,1711833090000,1
a1270,1711833060000,sell,69819.1,0.01,1711833090000,1
b1271,1711833120000,buy,69811.9,0.01,1711833150000,1
a1271,1711833120000,sell,69812.0,0.01,1711833150000,1
b1272,1711833180000,buy,69805.0,0.01,1711833210000,1
a1272,1711833180000,sell,69805.1,0.01,1711833210000,0
b1273,1711833240000,buy,69794.3,0.01,1711833270000,1
a1273,1711833240000,sell,69794.4,0.01,1711833270000,1
b1274,1711833300000,buy,69766.8,0.01,1711833330000,0
a1274,1711833300000,sell,69766.9,0.01,1711833330000,1
b1275,1711833360000,buy,69800.0,0.01,1711833390000,1
a1275,1711833360000,sell,69800.1,0.01,1711833390000,1
b1276,1711833420000,buy,69826.3,0.01,1711833450000,1
a1276,1711833420000,sell,69826.4,0.01,1711833450000,0
b1277,1711833480000,buy,69817.5,0.01,1711833510000,1
a1277,1711833480000,sell,69817.6,0.01,1711833510000,0
b1278,1711833540000,buy,69809.2,0.01,1711833570000,1
a1278,1711833540000,sell,69809.3,0.01,1711833570000,1
b1279,1711833600000,buy,69823.9,0.01,1711833630000,0
a1279,1711833600000,sell,69824.0,0.01,1711833630000,1
b1280,1711833660000,buy,69871.6,0.01,1711833690000,1
a1280,1711833660000,sell,69871.7,0.01,1711833690000,1
b1281,1711833720000,buy,69855.8,0.01,1711833750000,1
a1281,1711833720000,sell,69855.9,0.01,1711833750000,1
b1282,1711833780000,buy,69840.0,0.01,1711833810000,1
a1282,1711833780000,sell,69840.1,0.01,1711833810000,1
b1283,1711833840000,buy,69817.2,0.01,1711833870000,1
a1283,1711833840000,sell,69817.3,0.01,1711833870000,1
b1284,1711833900000,buy,69814.5,0.01,1711833930000,1
a1284,1711833900000,sell,69814.6,0.01,1711833930000,0
b1285,1711833960000,buy,69825.7,0.01,1711833990000,1
a1285,1711833960000,sell,69825.8,0.01,1711833990000,1
b1286,1711834020000,buy,69800.0,0.01,1711834050000,1
a1286,1711834020000,sell,69800.1,0.01,1711834050000,1
b1287,1711834080000,buy,69780.2,0.01,1711834110000,1
a1287,1711834080000,sell,69780.3,0.01,1711834110000,1
b1288,1711834140000,buy,69766.7,0.01,1711834170000,1
a1288,1711834140000,sell,69766.8,0.01,1711834170000,1
b1289,1711834200000,buy,69750.2,0.01,1711834230000,1
a1289,1711834200000,sell,69750.3,0.01,1711834230000,1
b1290,1711834260000,buy,69772.2,0.01,1711834290000,1
a1290,1711834260000,sell,69772.3,0.01,1711834290000,1
b1291,1711834320000,buy,69772.4,0.01,1711834350000,1
a1291,1711834320000,sell,69772.5,0.01,1711834350000,1
b1292,1711834380000,buy,69772.4,0.01,1711834410000,1
a1292,1711834380000,sell,69772.5,0.01,1711834410000,1
b1293,1711834440000,buy,69779.9,0.01,1711834470000,1
a1293,1711834440000,sell,69780.0,0.01,1711834470000,1
b1294,1711834500000,buy,69780.0,0.01,1711834530000,1
a1294,1711834500000,sell,69780.1,0.01,1711834530000,1
b1295,1711834560000,buy,69742.2,0.01,1711834590000,1
a1295,1711834560000,sell,69742.3,0.01,1711834590000,1
b1296,1711834620000,buy,69691.4,0.01,1711834650000,1
a1296,1711834620000,sell,69691.5,0.01,1711834650000,1
b1297,1711834680000,buy,69769.2,0.01,1711834710000,1
a1297,1711834680000,sell,69769.3,0.01,1711834710000,1
b1298,1711834740000,buy,69793.0,0.01,1711834770000,1
a1298,1711834740000,sell,69793.1,0.01,1711834770000,1
b1299,1711834800000,buy,69740.9,0.01,1711834830000,1
a1299,1711834800000,sell,69741.0,0.01,1711834830000,0
b1300,1711834860000,buy,69719.7,0.01,1711834890000,1
a1300,1711834860000,sell,69719.8,0.01,1711834890000,0
b1301,1711834920000,buy,69719.5,0.01,1711834950000,1
a1301,1711834920000,sell,69719.6,0.01,1711834950000,1
b1302,1711834980000,buy,69739.9,0.01,1711835010000,1
a1302,1711834980000,sell,69740.0,0.01,1711835010000,1
b1303,1711835040000,buy,69792.6,0.01,1711835070000,1
a1303,1711835040000,sell,69792.7,0.01,1711835070000,1
b1304,1711835100000,buy,69799.9,0.01,1711835130000,1
a1304,1711835100000,sell,69800.0,0.01,1711835130000,1
b1305,1711835160000,buy,69774.4,0.01,1711835190000,1
a1305,1711835160000,sell,69774.5,0.01,1711835190000,1
b1306,1711835220000,buy,69772.3,0.01,1711835250000,1
a1306,1711835220000,sell,69772.4,0.01,1711835250000,1
b1307,1711835280000,buy,69751.0,0.01,1711835310000,1
a1307,1711835280000,sell,69751.1,0.01,1711835310000,1
b1308,1711835340000,buy,69753.9,0.01,1711835370000,1
a1308,1711835340000,sell,69754.0,0.01,1711835370000,1
b1309,1711835400000,buy,69753.6,0.01,1711835430000,1
a1309,1711835400000,sell,69753.7,0.01,1711835430000,0
b1310,1711835460000,buy,69739.5,0.01,1711835490000,1
a1310,1711835460000,sell,69739.6,0.01,1711835490000,1
b1311,1711835520000,buy,69726.6,0.01,1711835550000,1
a1311,1711835520000,sell,69726.7,0.01,1711835550000,1
b1312,1711835580000,buy,69697.9,0.01,1711835610000,1
a1312,1711835580000,sell,69698.0,0.01,1711835610000,1
b1313,1711835640000,buy,69728.9,0.01,1711835670000,1
a1313,1711835640000,sell,69729.0,0.01,1711835670000,1
b1314,1711835700000,buy,69755.7,0.01,1711835730000,1
a1314,1711835700000,sell,69755.8,0.01,1711835730000,1
b1315,1711835760000,buy,69756.0,0.01,1711835790000,0
a1315,1711835760000,sell,69756.1,0.01,1711835790000,1
b1316,1711835820000,buy,69779.9,0.01,1711835850000,1
a1316,1711835820000,sell,69780.0,0.01,1711835850000,1
b1317,1711835880000,buy,69779.9,0.01,1711835910000,1
a1317,1711835880000,sell,69780.0,0.01,1711835910000,1
b1318,1711835940000,buy,69805.6,0.01,1711835970000,1
a1318,1711835940000,sell,69805.7,0.01,1711835970000,1
b1319,1711836000000,buy,69775.0,0.01,1711836030000,1
a1319,1711836000000,sell,69775.1,0.01,1711836030000,1
b1320,1711836060000,buy,69769.2,0.01,1711836090000,1
a1320,1711836060000,sell,69769.3,0.01,1711836090000,1
b1321,1711836120000,buy,69772.8,0.01,1711836150000,1
a1321,1711836120000,sell,69772.9,0.01,1711836150000,1
b1322,1711836180000,buy,69780.9,0.01,1711836210000,1
a1322,1711836180000,sell,69781.0,0.01,1711836210000,1
b1323,1711836240000,buy,69765.7,0.01,1711836270000,1
a1323,1711836240000,sell,69765.8,0.01,1711836270000,1
b1324,1711836300000,buy,69796.3,0.01,1711836330000,1
a1324,1711836300000,sell,69796.4,0.01,1711836330000,1
b1325,1711836360000,buy,69777.7,0.01,1711836390000,1
a1325,1711836360000,sell,69777.8,0.01,1711836390000,0
b1326,1711836420000,buy,69769.1,0.01,1711836450000,1
a1326,1711836420000,sell,69769.2,0.01,1711836450000,1
b1327,1711836480000,buy,69776.8,0.01,1711836510000,1
a1327,1711836480000,sell,69776.9,0.01,1711836510000,0
b1328,1711836540000,buy,69741.3,0.01,1711836570000,1
a1328,1711836540000,sell,69741.4,0.01,1711836570000,1
b1329,1711836600000,buy,69731.9,0.01,1711836630000,1
a1329,1711836600000,sell,69732.0,0.01,1711836630000,0
b1330,1711836660000,buy,69730.0,0.01,1711836690000,1
a1330,1711836660000,sell,69730.1,0.01,1711836690000,1
b1331,1711836720000,buy,69705.2,0.01,1711836750000,1
a1331,1711836720000,sell,69705.3,0.01,1711836750000,1
b1332,1711836780000,buy,69695.0,0.01,1711836810000,1
a1332,1711836780000,sell,69695.1,0.01,1711836810000,1
b1333,1711836840000,buy,69715.0,0.01,1711836870000,0
a1333,1711836840000,sell,69715.1,0.01,1711836870000,1
b1334,1711836900000,buy,69759.0,0.01,1711836930000,1
a1334,1711836900000,sell,69759.1,0.01,1711836930000,1
b1335,1711836960000,buy,69728.5,0.01,1711836990000,1
a1335,1711836960000,sell,69728.6,0.01,1711836990000,1
b1336,1711837020000,buy,69738.5,0.01,1711837050000,1
a1336,1711837020000,sell,69738.6,0.01,1711837050000,1
b1337,1711837080000,buy,69785.1,0.01,1711837110000,1
a1337,1711837080000,sell,69785.2,0.01,1711837110000,1
b1338,1711837140000,buy,69789.2,0.01,1711837170000,1
a1338,1711837140000,sell,69789.3,0.01,1711837170000,1
b1339,1711837200000,buy,69818.0,0.01,1711837230000,1
a1339,1711837200000,sell,69818.1,0.01,1711837230000,1
b1340,1711837260000,buy,69850.4,0.01,1711837290000,1
a1340,1711837260000,sell,69850.5,0.01,1711837290000,1
b1341,1711837320000,buy,69849.1,0.01,1711837350000,1
a1341,1711837320000,sell,69849.2,0.01,1711837350000,1
b1342,1711837380000,buy,69841.2,0.01,1711837410000,1
a1342,1711837380000,sell,69841.3,0.01,1711837410000,1
b1343,1711837440000,buy,69859.7,0.01,1711837470000,1
a1343,1711837440000,sell,69859.8,0.01,1711837470000,1
b1344,1711837500000,buy,69879.9,0.01,1711837530000,1
a1344,1711837500000,sell,69880.0,0.01,1711837530000,1
b1345,1711837560000,buy,69854.0,0.01,1711837590000,1
a1345,1711837560000,sell,69854.1,0.01,1711837590000,1
b1346,1711837620000,buy,69820.5,0.01,1711837650000,1
a1346,1711837620000,sell,69820.6,0.01,1711837650000,1
b1347,1711837680000,buy,69815.0,0.01,1711837710000,0
a1347,1711837680000,sell,69815.1,0.01,1711837710000,1
b1348,1711837740000,buy,69840.2,0.01,1711837770000,1
a1348,1711837740000,sell,69840.3,0.01,1711837770000,1
b1349,1711837800000,buy,69822.7,0.01,1711837830000,1
a1349,1711837800000,sell,69822.8,0.01,1711837830000,1
b1350,1711837860000,buy,69822.2,0.01,1711837890000,1
a1350,1711837860000,sell,69822.3,0.01,1711837890000,1
b1351,1711837920000,buy,69759.1,0.01,1711837950000,1
a1351,1711837920000,sell,69759.2,0.01,1711837950000,1
b1352,1711837980000,buy,69818.4,0.01,1711838010000,1
a1352,1711837980000,sell,69818.5,0.01,1711838010000,1
b1353,1711838040000,buy,69846.3,0.01,1711838070000,1
a1353,1711838040000,sell,69846.4,0.01,1711838070000,1
b1354,1711838100000,buy,69821.6,0.01,1711838130000,1
a1354,1711838100000,sell,69821.7,0.01,1711838130000,1
b1355,1711838160000,buy,69765.9,0.01,1711838190000,1
a1355,1711838160000,sell,69766.0,0.01,1711838190000,1
b1356,1711838220000,buy,69743.8,0.01,1711838250000,1
a1356,1711838220000,sell,69743.9,0.01,1711838250000,1
b1357,1711838280000,buy,69765.8,0.01,1711838310000,1
a1357,1711838280000,sell,69765.9,0.01,1711838310000,1
b1358,1711838340000,buy,69745.0,0.01,1711838370000,1
a1358,1711838340000,sell,69745.1,0.01,1711838370000,1
b1359,1711838400000,buy,69757.5,0.01,1711838430000,1
a1359,1711838400000,sell,69757.6,0.01,1711838430000,1
b1360,1711838460000,buy,69789.0,0.01,1711838490000,1
a1360,1711838460000,sell,69789.1,0.01,1711838490000,1
b1361,1711838520000,buy,69760.0,0.01,1711838550000,1
a1361,1711838520000,sell,69760.1,0.01,1711838550000,1
b1362,1711838580000,buy,69749.9,0.01,1711838610000,1
a1362,1711838580000,sell,69750.0,0.01,1711838610000,1
b1363,1711838640000,buy,69766.5,0.01,1711838670000,1
a1363,1711838640000,sell,69766.6,0.01,1711838670000,1
b1364,1711838700000,buy,69773.6,0.01,1711838730000,1
a1364,1711838700000,sell,69773.7,0.01,1711838730000,1
b1365,1711838760000,buy,69791.1,0.01,1711838790000,1
a1365,1711838760000,sell,69791.2,0.01,1711838790000,1
b1366,1711838820000,buy,69816.6,0.01,1711838850000,1
a1366,1711838820000,sell,69816.7,0.01,1711838850000,1
b1367,1711838880000,buy,69820.2,0.01,1711838910000,1
a1367,1711838880000,sell,69820.3,0.01,1711838910000,1
b1368,1711838940000,buy,69803.8,0.01,1711838970000,1
a1368,1711838940000,sell,69803.9,0.01,1711838970000,1
b1369,1711839000000,buy,69807.5,0.01,1711839030000,1
a1369,1711839000000,sell,69807.6,0.01,1711839030000,0
b1370,1711839060000,buy,69763.6,0.01,1711839090000,1
a1370,1711839060000,sell,69763.7,0.01,1711839090000,1
b1371,1711839120000,buy,69745.0,0.01,1711839150000,1
a1371,1711839120000,sell,69745.1,0.01,1711839150000,1
b1372,1711839180000,buy,69719.9,0.01,1711839210000,1
a1372,1711839180000,sell,69720.0,0.01,1711839210000,1
b1373,1711839240000,buy,69749.9,0.01,1711839270000,1
a1373,1711839240000,sell,69750.0,0.01,1711839270000,1
b1374,1711839300000,buy,69744.0,0.01,1711839330000,1
a1374,1711839300000,sell,69744.1,0.01,1711839330000,1
b1375,1711839360000,buy,69785.9,0.01,1711839390000,1
a1375,1711839360000,sell,69786.0,0.01,1711839390000,1
b1376,1711839420000,buy,69772.8,0.01,1711839450000,1
a1376,1711839420000,sell,69772.9,0.01,1711839450000,1
b1377,1711839480000,buy,69768.5,0.01,1711839510000,1
a1377,1711839480000,sell,69768.6,0.01,1711839510000,1
b1378,1711839540000,buy,69773.9,0.01,1711839570000,1
a1378,1711839540000,sell,69774.0,0.01,1711839570000,1
b1379,1711839600000,buy,69780.1,0.01,1711839630000,1
a1379,1711839600000,sell,69780.2,0.01,1711839630000,1
b1380,1711839660000,buy,69770.0,0.01,1711839690000,1
a1380,1711839660000,sell,69770.1,0.01,1711839690000,1
b1381,1711839720000,buy,69748.6,0.01,1711839750000,1
a1381,1711839720000,sell,69748.7,0.01,1711839750000,1
b1382,1711839780000,buy,69774.9,0.01,1711839810000,1
a1382,1711839780000,sell,69775.0,0.01,1711839810000,1
b1383,1711839840000,buy,69822.8,0.01,1711839870000,1
a1383,1711839840000,sell,69822.9,0.01,1711839870000,1
b1384,1711839900000,buy,69821.2,0.01,1711839930000,1
a1384,1711839900000,sell,69821.3,0.01,1711839930000,1
b1385,1711839960000,buy,69826.3,0.01,1711839990000,1
a1385,1711839960000,sell,69826.4,0.01,1711839990000,1
b1386,1711840020000,buy,69826.5,0.01,1711840050000,1
a1386,1711840020000,sell,69826.6,0.01,1711840050000,1
b1387,1711840080000,buy,69815.9,0.01,1711840110000,1
a1387,1711840080000,sell,69816.0,0.01,1711840110000,1
b1388,1711840140000,buy,69800.2,0.01,1711840170000,1
a1388,1711840140000,sell,69800.3,0.01,1711840170000,0
b1389,1711840200000,buy,69787.1,0.01,1711840230000,1
a1389,1711840200000,sell,69787.2,0.01,1711840230000,1
b1390,1711840260000,buy,69802.4,0.01,1711840290000,1
a1390,1711840260000,sell,69802.5,0.01,1711840290000,1
b1391,1711840320000,buy,69780.4,0.01,1711840350000,1
a1391,1711840320000,sell,69780.5,0.01,1711840350000,1
b1392,1711840380000,buy,69773.8,0.01,1711840410000,1
a1392,1711840380000,sell,69773.9,0.01,1711840410000,1
b1393,1711840440000,buy,69760.2,0.01,1711840470000,1
a1393,1711840440000,sell,69760.3,0.01,1711840470000,1
b1394,1711840500000,buy,69746.6,0.01,1711840530000,1
a1394,1711840500000,sell,69746.7,0.01,1711840530000,1
b1395,1711840560000,buy,69770.0,0.01,1711840590000,1
a1395,1711840560000,sell,69770.1,0.01,1711840590000,1
b1396,1711840620000,buy,69767.6,0.01,1711840650000,1
a1396,1711840620000,sell,69767.7,0.01,1711840650000,1
b1397,1711840680000,buy,69762.0,0.01,1711840710000,1
a1397,1711840680000,sell,69762.1,0.01,1711840710000,1
b1398,1711840740000,buy,69768.7,0.01,1711840770000,1
a1398,1711840740000,sell,69768.8,0.01,1711840770000,1
b1399,1711840800000,buy,69748.0,0.01,1711840830000,1
a1399,1711840800000,sell,69748.1,0.01,1711840830000,1
b1400,1711840860000,buy,69719.9,0.01,1711840890000,1
a1400,1711840860000,sell,69720.0,0.01,1711840890000,1
b1401,1711840920000,buy,69679.0,0.01,1711840950000,1
a1401,1711840920000,sell,69679.1,0.01,1711840950000,1
b1402,1711840980000,buy,69700.6,0.01,1711841010000,1
a1402,1711840980000,sell,69700.7,0.01,1711841010000,1
b1403,1711841040000,buy,69692.2,0.01,1711841070000,1
a1403,1711841040000,sell,69692.3,0.01,1711841070000,1
b1404,1711841100000,buy,69687.4,0.01,1711841130000,1
a1404,1711841100000,sell,69687.5,0.01,1711841130000,1
b1405,1711841160000,buy,69686.1,0.01,1711841190000,1
a1405,1711841160000,sell,69686.2,0.01,1711841190000,1
b1406,1711841220000,buy,69675.8,0.01,1711841250000,1
a1406,1711841220000,sell,69675.9,0.01,1711841250000,1
b1407,1711841280000,buy,69652.6,0.01,1711841310000,1
a1407,1711841280000,sell,69652.7,0.01,1711841310000,1
b1408,1711841340000,buy,69647.0,0.01,1711841370000,1
a1408,1711841340000,sell,69647.1,0.01,1711841370000,1
b1409,1711841400000,buy,69597.9,0.01,1711841430000,0
a1409,1711841400000,sell,69598.0,0.01,1711841430000,1
b1410,1711841460000,buy,69638.1,0.01,1711841490000,1
a1410,1711841460000,sell,69638.2,0.01,1711841490000,1
b1411,1711841520000,buy,69645.8,0.01,1711841550000,1
a1411,1711841520000,sell,69645.9,0.01,1711841550000,1
b1412,1711841580000,buy,69644.6,0.01,1711841610000,1
a1412,1711841580000,sell,69644.7,0.01,1711841610000,1
b1413,1711841640000,buy,69633.2,0.01,1711841670000,1
a1413,1711841640000,sell,69633.3,0.01,1711841670000,1
b1414,1711841700000,buy,69634.0,0.01,1711841730000,1
a1414,1711841700000,sell,69634.1,0.01,1711841730000,1
b1415,1711841760000,buy,69639.6,0.01,1711841790000,0
a1415,1711841760000,sell,69639.7,0.01,1711841790000,1
b1416,1711841820000,buy,69681.9,0.01,1711841850000,1
a1416,1711841820000,sell,69682.0,0.01,1711841850000,1
b1417,1711841880000,buy,69716.2,0.01,1711841910000,1
a1417,1711841880000,sell,69716.3,0.01,1711841910000,1
b1418,1711841940000,buy,69682.0,0.01,1711841970000,1
a1418,1711841940000,sell,69682.1,0.01,1711841970000,1
b1419,1711842000000,buy,69691.2,0.01,1711842030000,1
a1419,1711842000000,sell,69691.3,0.01,1711842030000,1
b1420,1711842060000,buy,69700.0,0.01,1711842090000,1
a1420,1711842060000,sell,69700.1,0.01,1711842090000,1
b1421,1711842120000,buy,69685.4,0.01,1711842150000,1
a1421,1711842120000,sell,69685.5,0.01,1711842150000,1
b1422,1711842180000,buy,69687.0,0.01,1711842210000,1
a1422,1711842180000,sell,69687.1,0.01,1711842210000,1
b1423,1711842240000,buy,69673.0,0.01,1711842270000,1
a1423,1711842240000,sell,69673.1,0.01,1711842270000,1
b1424,1711842300000,buy,69671.4,0.01,1711842330000,1
a1424,1711842300000,sell,69671.5,0.01,1711842330000,1
b1425,1711842360000,buy,69677.1,0.01,1711842390000,1
a1425,1711842360000,sell,69677.2,0.01,1711842390000,1
b1426,1711842420000,buy,69692.5,0.01,1711842450000,1
a1426,1711842420000,sell,69692.6,0.01,1711842450000,1
b1427,1711842480000,buy,69720.3,0.01,1711842510000,1
a1427,1711842480000,sell,69720.4,0.01,1711842510000,1
b1428,1711842540000,buy,69690.2,0.01,1711842570000,1
a1428,1711842540000,sell,69690.3,0.01,1711842570000,1
b1429,1711842600000,buy,69716.1,0.01,1711842630000,1
a1429,1711842600000,sell,69716.2,0.01,1711842630000,1
b1430,1711842660000,buy,69716.1,0.01,1711842690000,1
a1430,1711842660000,sell,69716.2,0.01,1711842690000,1
b1431,1711842720000,buy,69705.0,0.01,1711842750000,1
a1431,1711842720000,sell,69705.1,0.01,1711842750000,1
b1432,1711842780000,buy,69717.6,0.01,1711842810000,1
a1432,1711842780000,sell,69717.7,0.01,1711842810000,1
b1433,1711842840000,buy,69735.1,0.01,1711842870000,1
a1433,1711842840000,sell,69735.2,0.01,1711842870000,1
b1434,1711842900000,buy,69737.9,0.01,1711842930000,1
a1434,1711842900000,sell,69738.0,0.01,1711842930000,1
b1435,1711842960000,buy,69704.6,0.01,1711842990000,1
a1435,1711842960000,sell,69704.7,0.01,1711842990000,1
b1436,1711843020000,buy,69668.9,0.01,1711843050000,1
a1436,1711843020000,sell,69669.0,0.01,1711843050000,1
b1437,1711843080000,buy,69675.3,0.01,1711843110000,1
a1437,1711843080000,sell,69675.4,0.01,1711843110000,1
b1438,1711843140000,buy,69665.9,0.01,1711843170000,1
a1438,1711843140000,sell,69666.0,0.01,1711843170000,1
